"ID";"Position";"Vignette";"Vignettentyp";"Antwort_sexistisch";"Korrekt";"RT_ms"
"P001";1;"B05";"benevolent";1;1;2175
"P001";2;"N09";"neutral";0;1;3427
"P001";3;"B03";"benevolent";1;1;3105
"P001";4;"B07";"benevolent";1;1;2162
"P001";5;"N04";"neutral";0;1;2049
"P001";6;"N05";"neutral";1;0;2684
"P001";7;"B04";"benevolent";1;1;2080
"P001";8;"B08";"benevolent";1;1;2110
"P001";9;"N06";"neutral";0;1;2228
"P001";10;"B06";"benevolent";1;1;2115
"P001";11;"B01";"benevolent";1;1;2009
"P001";12;"N10";"neutral";0;1;1543
"P001";13;"B10";"benevolent";1;1;2955
"P001";14;"B09";"benevolent";1;1;1359
"P001";15;"N03";"neutral";0;1;2986
"P001";16;"N08";"neutral";0;1;2238
"P001";17;"N01";"neutral";0;1;2051
"P001";18;"B02";"benevolent";1;1;2199
"P001";19;"N07";"neutral";0;1;1503
"P001";20;"N02";"neutral";0;1;1897
"P002";1;"N01";"neutral";0;1;1952
"P002";2;"N04";"neutral";0;1;2643
"P002";3;"N03";"neutral";0;1;2580
"P002";4;"B10";"benevolent";1;1;2056
"P002";5;"B03";"benevolent";1;1;2829
"P002";6;"B04";"benevolent";1;1;3048
"P002";7;"B02";"benevolent";0;0;1511
"P002";8;"N05";"neutral";1;0;3003
"P002";9;"N07";"neutral";0;1;1335
"P002";10;"B08";"benevolent";1;1;3001
"P002";11;"N10";"neutral";1;0;1522
"P002";12;"N06";"neutral";0;1;1877
"P002";13;"B09";"benevolent";1;1;2885
"P002";14;"B05";"benevolent";1;1;1665
"P002";15;"N02";"neutral";0;1;2407
"P002";16;"N08";"neutral";0;1;2011
"P002";17;"N09";"neutral";0;1;1794
"P002";18;"B07";"benevolent";0;0;1522
"P002";19;"B01";"benevolent";1;1;2270
"P002";20;"B06";"benevolent";1;1;3260
"P003";1;"B01";"benevolent";1;1;2153
"P003";2;"N04";"neutral";0;1;2734
"P003";3;"N10";"neutral";1;0;2741
"P003";4;"N09";"neutral";0;1;2150
"P003";5;"B10";"benevolent";1;1;1915
"P003";6;"N01";"neutral";0;1;2271
"P003";7;"B04";"benevolent";1;1;1676
"P003";8;"B05";"benevolent";1;1;2111
"P003";9;"N08";"neutral";0;1;2123
"P003";10;"N07";"neutral";0;1;2967
"P003";11;"B02";"benevolent";0;0;2388
"P003";12;"B06";"benevolent";0;0;2329
"P003";13;"N05";"neutral";0;1;1571
"P003";14;"N03";"neutral";1;0;1519
"P003";15;"B08";"benevolent";1;1;1606
"P003";16;"N02";"neutral";0;1;1606
"P003";17;"N06";"neutral";0;1;2780
"P003";18;"B03";"benevolent";1;1;2636
"P003";19;"B09";"benevolent";1;1;1899
"P003";20;"B07";"benevolent";1;1;2023
"P004";1;"B02";"benevolent";1;1;1760
"P004";2;"B04";"benevolent";1;1;1389
"P004";3;"B05";"benevolent";0;0;1187
"P004";4;"N08";"neutral";0;1;2032
"P004";5;"N10";"neutral";0;1;1604
"P004";6;"N09";"neutral";0;1;1786
"P004";7;"B09";"benevolent";1;1;1262
"P004";8;"N02";"neutral";1;0;1964
"P004";9;"N03";"neutral";0;1;1837
"P004";10;"B07";"benevolent";1;1;2233
"P004";11;"N01";"neutral";0;1;1025
"P004";12;"B01";"benevolent";0;0;1160
"P004";13;"N05";"neutral";0;1;1388
"P004";14;"N07";"neutral";0;1;1883
"P004";15;"B08";"benevolent";1;1;1153
"P004";16;"B06";"benevolent";1;1;2085
"P004";17;"B10";"benevolent";1;1;2254
"P004";18;"N06";"neutral";1;0;2115
"P004";19;"B03";"benevolent";1;1;2675
"P004";20;"N04";"neutral";0;1;1786
"P005";1;"B08";"benevolent";1;1;1912
"P005";2;"N08";"neutral";1;0;1755
"P005";3;"B06";"benevolent";1;1;2829
"P005";4;"N06";"neutral";0;1;2272
"P005";5;"B05";"benevolent";1;1;1773
"P005";6;"N07";"neutral";1;0;2142
"P005";7;"N09";"neutral";1;0;2396
"P005";8;"N02";"neutral";1;0;3010
"P005";9;"N03";"neutral";0;1;1530
"P005";10;"B01";"benevolent";0;0;1651
"P005";11;"B07";"benevolent";1;1;2126
"P005";12;"B02";"benevolent";1;1;2266
"P005";13;"N01";"neutral";0;1;2168
"P005";14;"N05";"neutral";0;1;1853
"P005";15;"B10";"benevolent";1;1;2360
"P005";16;"B09";"benevolent";1;1;2157
"P005";17;"B04";"benevolent";0;0;1049
"P005";18;"B03";"benevolent";1;1;2043
"P005";19;"N10";"neutral";0;1;1910
"P005";20;"N04";"neutral";0;1;2409
"P006";1;"N07";"neutral";0;1;1984
"P006";2;"B01";"benevolent";1;1;2007
"P006";3;"N01";"neutral";0;1;3553
"P006";4;"N09";"neutral";0;1;2742
"P006";5;"B05";"benevolent";1;1;2399
"P006";6;"B08";"benevolent";1;1;2809
"P006";7;"B03";"benevolent";1;1;1940
"P006";8;"N05";"neutral";0;1;2179
"P006";9;"B09";"benevolent";0;0;2303
"P006";10;"N06";"neutral";0;1;2213
"P006";11;"N10";"neutral";0;1;2348
"P006";12;"B06";"benevolent";1;1;3769
"P006";13;"B10";"benevolent";1;1;1931
"P006";14;"N02";"neutral";0;1;1553
"P006";15;"B02";"benevolent";1;1;2707
"P006";16;"B07";"benevolent";1;1;1986
"P006";17;"N04";"neutral";0;1;2418
"P006";18;"B04";"benevolent";1;1;1575
"P006";19;"N08";"neutral";0;1;1753
"P006";20;"N03";"neutral";1;0;1364
"P007";1;"N10";"neutral";1;0;1188
"P007";2;"B03";"benevolent";1;1;2058
"P007";3;"B07";"benevolent";1;1;1658
"P007";4;"N09";"neutral";1;0;1486
"P007";5;"N08";"neutral";1;0;1356
"P007";6;"B10";"benevolent";0;0;1654
"P007";7;"N01";"neutral";0;1;3242
"P007";8;"N06";"neutral";0;1;2012
"P007";9;"B01";"benevolent";1;1;1789
"P007";10;"B08";"benevolent";1;1;1594
"P007";11;"B04";"benevolent";1;1;1624
"P007";12;"N07";"neutral";0;1;1634
"P007";13;"B02";"benevolent";0;0;2451
"P007";14;"B05";"benevolent";0;0;2051
"P007";15;"N02";"neutral";0;1;2543
"P007";16;"B09";"benevolent";1;1;1649
"P007";17;"N03";"neutral";0;1;2007
"P007";18;"B06";"benevolent";0;0;2518
"P007";19;"N04";"neutral";1;0;2189
"P007";20;"N05";"neutral";1;0;2063
"P008";1;"N08";"neutral";0;1;1561
"P008";2;"N01";"neutral";0;1;1048
"P008";3;"N07";"neutral";0;1;2026
"P008";4;"B06";"benevolent";1;1;2069
"P008";5;"B03";"benevolent";1;1;1726
"P008";6;"N06";"neutral";0;1;2782
"P008";7;"N09";"neutral";0;1;1884
"P008";8;"N05";"neutral";0;1;2136
"P008";9;"N03";"neutral";0;1;1369
"P008";10;"B05";"benevolent";0;0;1731
"P008";11;"B07";"benevolent";1;1;2718
"P008";12;"N04";"neutral";0;1;1434
"P008";13;"B09";"benevolent";1;1;1223
"P008";14;"B10";"benevolent";1;1;2249
"P008";15;"N10";"neutral";0;1;3040
"P008";16;"B01";"benevolent";1;1;1781
"P008";17;"N02";"neutral";0;1;2063
"P008";18;"B08";"benevolent";1;1;1871
"P008";19;"B02";"benevolent";1;1;1546
"P008";20;"B04";"benevolent";1;1;1918
"P009";1;"B01";"benevolent";1;1;1366
"P009";2;"N04";"neutral";1;0;2749
"P009";3;"B02";"benevolent";0;0;1380
"P009";4;"N01";"neutral";0;1;2020
"P009";5;"N08";"neutral";0;1;1729
"P009";6;"N06";"neutral";0;1;2206
"P009";7;"B09";"benevolent";1;1;1789
"P009";8;"N03";"neutral";0;1;2001
"P009";9;"N05";"neutral";0;1;1662
"P009";10;"B03";"benevolent";1;1;1881
"P009";11;"N02";"neutral";0;1;2318
"P009";12;"B04";"benevolent";1;1;2099
"P009";13;"N07";"neutral";0;1;2024
"P009";14;"N10";"neutral";0;1;1746
"P009";15;"B07";"benevolent";1;1;2088
"P009";16;"B08";"benevolent";1;1;1462
"P009";17;"N09";"neutral";0;1;1979
"P009";18;"B05";"benevolent";1;1;2316
"P009";19;"B10";"benevolent";1;1;1248
"P009";20;"B06";"benevolent";1;1;1944
"P010";1;"N07";"neutral";0;1;1657
"P010";2;"N04";"neutral";0;1;1888
"P010";3;"N08";"neutral";0;1;1687
"P010";4;"B06";"benevolent";1;1;1698
"P010";5;"N01";"neutral";0;1;1072
"P010";6;"N02";"neutral";0;1;1330
"P010";7;"N10";"neutral";0;1;1572
"P010";8;"B05";"benevolent";1;1;1675
"P010";9;"N05";"neutral";0;1;1429
"P010";10;"B01";"benevolent";0;0;1371
"P010";11;"B10";"benevolent";1;1;1488
"P010";12;"B07";"benevolent";1;1;1541
"P010";13;"B08";"benevolent";1;1;2089
"P010";14;"B03";"benevolent";1;1;1940
"P010";15;"B02";"benevolent";1;1;2235
"P010";16;"B04";"benevolent";1;1;2143
"P010";17;"N03";"neutral";0;1;1999
"P010";18;"N09";"neutral";0;1;1765
"P010";19;"B09";"benevolent";1;1;1682
"P010";20;"N06";"neutral";0;1;1967
"P011";1;"N08";"neutral";1;0;2454
"P011";2;"B05";"benevolent";0;0;1746
"P011";3;"N09";"neutral";1;0;3139
"P011";4;"B08";"benevolent";1;1;1533
"P011";5;"B01";"benevolent";1;1;994
"P011";6;"N01";"neutral";0;1;1878
"P011";7;"N03";"neutral";1;0;1891
"P011";8;"B06";"benevolent";0;0;3452
"P011";9;"N04";"neutral";0;1;2110
"P011";10;"B07";"benevolent";0;0;1613
"P011";11;"N02";"neutral";0;1;2384
"P011";12;"B09";"benevolent";0;0;2338
"P011";13;"N10";"neutral";0;1;2558
"P011";14;"B02";"benevolent";1;1;2023
"P011";15;"N06";"neutral";0;1;1968
"P011";16;"N05";"neutral";0;1;1260
"P011";17;"N07";"neutral";0;1;1584
"P011";18;"B10";"benevolent";1;1;1964
"P011";19;"B04";"benevolent";0;0;1867
"P011";20;"B03";"benevolent";1;1;2166
"P012";1;"N07";"neutral";0;1;2396
"P012";2;"N03";"neutral";0;1;2192
"P012";3;"B02";"benevolent";1;1;2209
"P012";4;"N02";"neutral";0;1;2023
"P012";5;"B04";"benevolent";0;0;1966
"P012";6;"B07";"benevolent";1;1;2033
"P012";7;"B01";"benevolent";1;1;1704
"P012";8;"N08";"neutral";0;1;3268
"P012";9;"N04";"neutral";0;1;2159
"P012";10;"B10";"benevolent";1;1;2464
"P012";11;"B05";"benevolent";1;1;1886
"P012";12;"N06";"neutral";1;0;2139
"P012";13;"B03";"benevolent";1;1;2397
"P012";14;"B06";"benevolent";1;1;2143
"P012";15;"B09";"benevolent";1;1;1971
"P012";16;"N09";"neutral";0;1;3011
"P012";17;"B08";"benevolent";0;0;1924
"P012";18;"N05";"neutral";0;1;1879
"P012";19;"N10";"neutral";1;0;2119
"P012";20;"N01";"neutral";0;1;1972
"P013";1;"N09";"neutral";0;1;2020
"P013";2;"B06";"benevolent";1;1;2641
"P013";3;"N07";"neutral";0;1;1553
"P013";4;"N06";"neutral";0;1;2159
"P013";5;"N04";"neutral";0;1;2276
"P013";6;"B03";"benevolent";1;1;1876
"P013";7;"N03";"neutral";0;1;2825
"P013";8;"B09";"benevolent";1;1;1405
"P013";9;"N08";"neutral";0;1;1699
"P013";10;"N05";"neutral";0;1;1565
"P013";11;"N02";"neutral";0;1;1768
"P013";12;"B01";"benevolent";1;1;2209
"P013";13;"N10";"neutral";0;1;2231
"P013";14;"B02";"benevolent";1;1;2587
"P013";15;"B05";"benevolent";1;1;1709
"P013";16;"B10";"benevolent";1;1;1508
"P013";17;"B07";"benevolent";1;1;1534
"P013";18;"B08";"benevolent";1;1;1579
"P013";19;"N01";"neutral";0;1;1660
"P013";20;"B04";"benevolent";1;1;2140
"P014";1;"B08";"benevolent";1;1;2751
"P014";2;"B10";"benevolent";0;0;2767
"P014";3;"N09";"neutral";0;1;1257
"P014";4;"B01";"benevolent";1;1;1921
"P014";5;"B05";"benevolent";1;1;1483
"P014";6;"B03";"benevolent";1;1;1979
"P014";7;"N01";"neutral";0;1;2818
"P014";8;"B02";"benevolent";1;1;1813
"P014";9;"B07";"benevolent";0;0;1821
"P014";10;"N04";"neutral";0;1;2357
"P014";11;"N06";"neutral";0;1;1992
"P014";12;"N03";"neutral";0;1;1362
"P014";13;"N10";"neutral";0;1;3509
"P014";14;"N07";"neutral";0;1;2186
"P014";15;"N08";"neutral";0;1;3095
"P014";16;"B06";"benevolent";1;1;2208
"P014";17;"B09";"benevolent";1;1;2007
"P014";18;"B04";"benevolent";1;1;1714
"P014";19;"N02";"neutral";1;0;2004
"P014";20;"N05";"neutral";0;1;3098
"P015";1;"N04";"neutral";0;1;2307
"P015";2;"B07";"benevolent";1;1;1757
"P015";3;"B03";"benevolent";0;0;1894
"P015";4;"B05";"benevolent";1;1;1526
"P015";5;"B08";"benevolent";1;1;1722
"P015";6;"N01";"neutral";0;1;3197
"P015";7;"N02";"neutral";0;1;1422
"P015";8;"N06";"neutral";0;1;1986
"P015";9;"B10";"benevolent";1;1;1708
"P015";10;"N07";"neutral";0;1;1446
"P015";11;"B02";"benevolent";1;1;2008
"P015";12;"N09";"neutral";0;1;1870
"P015";13;"B06";"benevolent";1;1;1728
"P015";14;"B04";"benevolent";1;1;2114
"P015";15;"B09";"benevolent";1;1;2572
"P015";16;"B01";"benevolent";1;1;1591
"P015";17;"N05";"neutral";0;1;2513
"P015";18;"N08";"neutral";0;1;1597
"P015";19;"N03";"neutral";0;1;1427
"P015";20;"N10";"neutral";0;1;2780
"P016";1;"N06";"neutral";0;1;1760
"P016";2;"B02";"benevolent";1;1;2028
"P016";3;"N03";"neutral";0;1;2039
"P016";4;"B03";"benevolent";1;1;1829
"P016";5;"B05";"benevolent";0;0;1698
"P016";6;"B08";"benevolent";1;1;1580
"P016";7;"B04";"benevolent";1;1;1814
"P016";8;"N09";"neutral";0;1;1749
"P016";9;"N10";"neutral";0;1;1688
"P016";10;"N02";"neutral";0;1;1183
"P016";11;"B09";"benevolent";0;0;1413
"P016";12;"B01";"benevolent";1;1;1905
"P016";13;"B06";"benevolent";1;1;1560
"P016";14;"N04";"neutral";0;1;1874
"P016";15;"N08";"neutral";1;0;1814
"P016";16;"B07";"benevolent";1;1;1599
"P016";17;"N07";"neutral";0;1;2139
"P016";18;"B10";"benevolent";1;1;2003
"P016";19;"N01";"neutral";0;1;2744
"P016";20;"N05";"neutral";0;1;1683
"P017";1;"N02";"neutral";0;1;2183
"P017";2;"N08";"neutral";0;1;1843
"P017";3;"B01";"benevolent";1;1;1612
"P017";4;"N01";"neutral";1;0;1621
"P017";5;"B07";"benevolent";1;1;2002
"P017";6;"N10";"neutral";1;0;3246
"P017";7;"B08";"benevolent";1;1;2192
"P017";8;"N03";"neutral";0;1;2378
"P017";9;"B10";"benevolent";1;1;1956
"P017";10;"B05";"benevolent";1;1;1797
"P017";11;"N05";"neutral";0;1;2685
"P017";12;"N04";"neutral";1;0;2820
"P017";13;"B04";"benevolent";0;0;2110
"P017";14;"N07";"neutral";1;0;2771
"P017";15;"B03";"benevolent";1;1;1799
"P017";16;"B02";"benevolent";1;1;2624
"P017";17;"N06";"neutral";0;1;2155
"P017";18;"B09";"benevolent";1;1;2108
"P017";19;"N09";"neutral";1;0;1717
"P017";20;"B06";"benevolent";1;1;1597
"P018";1;"B07";"benevolent";0;0;1775
"P018";2;"B06";"benevolent";1;1;1493
"P018";3;"B09";"benevolent";1;1;1420
"P018";4;"N06";"neutral";1;0;2792
"P018";5;"B04";"benevolent";1;1;1582
"P018";6;"B03";"benevolent";1;1;2681
"P018";7;"N08";"neutral";1;0;2512
"P018";8;"B05";"benevolent";1;1;1277
"P018";9;"N10";"neutral";0;1;2677
"P018";10;"N02";"neutral";0;1;1608
"P018";11;"N04";"neutral";0;1;2029
"P018";12;"B10";"benevolent";1;1;1694
"P018";13;"B01";"benevolent";0;0;1743
"P018";14;"N07";"neutral";0;1;1626
"P018";15;"N03";"neutral";0;1;1852
"P018";16;"B02";"benevolent";1;1;1467
"P018";17;"N05";"neutral";0;1;1427
"P018";18;"N01";"neutral";0;1;1805
"P018";19;"N09";"neutral";0;1;1636
"P018";20;"B08";"benevolent";0;0;1206
"P019";1;"B03";"benevolent";1;1;1983
"P019";2;"N02";"neutral";1;0;2487
"P019";3;"B09";"benevolent";1;1;2548
"P019";4;"B04";"benevolent";1;1;2037
"P019";5;"N06";"neutral";1;0;2134
"P019";6;"N05";"neutral";1;0;2518
"P019";7;"B07";"benevolent";1;1;1727
"P019";8;"N08";"neutral";0;1;1706
"P019";9;"N04";"neutral";0;1;2729
"P019";10;"B06";"benevolent";1;1;2034
"P019";11;"N03";"neutral";0;1;1447
"P019";12;"B10";"benevolent";1;1;2112
"P019";13;"N10";"neutral";1;0;2985
"P019";14;"B01";"benevolent";1;1;2574
"P019";15;"N01";"neutral";0;1;2528
"P019";16;"N09";"neutral";1;0;1565
"P019";17;"B02";"benevolent";1;1;1903
"P019";18;"B05";"benevolent";1;1;1953
"P019";19;"B08";"benevolent";0;0;1927
"P019";20;"N07";"neutral";1;0;1513
"P020";1;"B06";"benevolent";1;1;2761
"P020";2;"B01";"benevolent";1;1;2165
"P020";3;"N10";"neutral";0;1;2092
"P020";4;"B07";"benevolent";1;1;1624
"P020";5;"B04";"benevolent";0;0;1866
"P020";6;"B02";"benevolent";1;1;2237
"P020";7;"N02";"neutral";0;1;1671
"P020";8;"N06";"neutral";0;1;2798
"P020";9;"N05";"neutral";0;1;1890
"P020";10;"N08";"neutral";0;1;2376
"P020";11;"B03";"benevolent";0;0;2637
"P020";12;"N04";"neutral";0;1;1974
"P020";13;"B08";"benevolent";1;1;2513
"P020";14;"B09";"benevolent";1;1;1605
"P020";15;"N03";"neutral";0;1;1820
"P020";16;"N09";"neutral";0;1;2451
"P020";17;"N01";"neutral";1;0;2224
"P020";18;"B05";"benevolent";1;1;1404
"P020";19;"N07";"neutral";0;1;1608
"P020";20;"B10";"benevolent";0;0;2143
"P021";1;"N06";"neutral";0;1;1614
"P021";2;"B03";"benevolent";0;0;1982
"P021";3;"N01";"neutral";0;1;2827
"P021";4;"B04";"benevolent";0;0;1825
"P021";5;"N08";"neutral";1;0;1946
"P021";6;"B10";"benevolent";0;0;1937
"P021";7;"B02";"benevolent";0;0;1621
"P021";8;"N09";"neutral";0;1;1452
"P021";9;"N02";"neutral";1;0;1179
"P021";10;"N07";"neutral";1;0;1654
"P021";11;"B01";"benevolent";0;0;1850
"P021";12;"B08";"benevolent";1;1;1353
"P021";13;"N04";"neutral";0;1;2692
"P021";14;"B05";"benevolent";1;1;1648
"P021";15;"B09";"benevolent";1;1;1777
"P021";16;"N10";"neutral";0;1;1930
"P021";17;"B06";"benevolent";0;0;1346
"P021";18;"N05";"neutral";1;0;2138
"P021";19;"B07";"benevolent";1;1;1348
"P021";20;"N03";"neutral";0;1;2031
"P022";1;"N03";"neutral";0;1;1492
"P022";2;"B08";"benevolent";1;1;1602
"P022";3;"N05";"neutral";0;1;2684
"P022";4;"N04";"neutral";0;1;2020
"P022";5;"N08";"neutral";0;1;1919
"P022";6;"B03";"benevolent";1;1;2400
"P022";7;"B07";"benevolent";1;1;2011
"P022";8;"B04";"benevolent";1;1;2390
"P022";9;"N02";"neutral";0;1;1707
"P022";10;"B05";"benevolent";1;1;2653
"P022";11;"N10";"neutral";0;1;2943
"P022";12;"B01";"benevolent";1;1;2459
"P022";13;"B09";"benevolent";1;1;1800
"P022";14;"N01";"neutral";0;1;1786
"P022";15;"B10";"benevolent";1;1;2556
"P022";16;"N07";"neutral";0;1;2299
"P022";17;"B02";"benevolent";0;0;1847
"P022";18;"B06";"benevolent";1;1;1859
"P022";19;"N06";"neutral";1;0;1772
"P022";20;"N09";"neutral";0;1;1972
"P023";1;"B05";"benevolent";1;1;1281
"P023";2;"B08";"benevolent";1;1;1499
"P023";3;"N10";"neutral";0;1;1466
"P023";4;"N02";"neutral";0;1;1424
"P023";5;"B06";"benevolent";0;0;2161
"P023";6;"B09";"benevolent";1;1;1197
"P023";7;"N05";"neutral";0;1;2249
"P023";8;"B10";"benevolent";1;1;1783
"P023";9;"B01";"benevolent";1;1;2300
"P023";10;"N04";"neutral";0;1;1787
"P023";11;"N01";"neutral";0;1;1666
"P023";12;"N03";"neutral";1;0;1441
"P023";13;"N07";"neutral";0;1;1679
"P023";14;"B07";"benevolent";0;0;1795
"P023";15;"B02";"benevolent";1;1;1518
"P023";16;"N08";"neutral";1;0;1842
"P023";17;"N06";"neutral";1;0;1514
"P023";18;"N09";"neutral";1;0;1365
"P023";19;"B03";"benevolent";1;1;1506
"P023";20;"B04";"benevolent";1;1;1425
"P024";1;"N05";"neutral";0;1;2652
"P024";2;"B07";"benevolent";0;0;1738
"P024";3;"B06";"benevolent";1;1;1388
"P024";4;"B02";"benevolent";1;1;1143
"P024";5;"N01";"neutral";0;1;2665
"P024";6;"B05";"benevolent";1;1;1818
"P024";7;"N04";"neutral";0;1;2091
"P024";8;"B08";"benevolent";1;1;1912
"P024";9;"N09";"neutral";0;1;2007
"P024";10;"B01";"benevolent";1;1;1787
"P024";11;"N03";"neutral";0;1;1598
"P024";12;"N08";"neutral";0;1;1929
"P024";13;"B10";"benevolent";1;1;2613
"P024";14;"B04";"benevolent";1;1;1792
"P024";15;"N07";"neutral";0;1;1571
"P024";16;"N10";"neutral";0;1;2293
"P024";17;"N06";"neutral";0;1;2440
"P024";18;"B03";"benevolent";1;1;1845
"P024";19;"N02";"neutral";0;1;1710
"P024";20;"B09";"benevolent";1;1;1613
"P025";1;"B03";"benevolent";1;1;1704
"P025";2;"N01";"neutral";0;1;2169
"P025";3;"B02";"benevolent";1;1;1310
"P025";4;"N05";"neutral";0;1;1313
"P025";5;"N04";"neutral";0;1;1933
"P025";6;"N06";"neutral";0;1;2091
"P025";7;"N08";"neutral";0;1;2111
"P025";8;"B05";"benevolent";1;1;1791
"P025";9;"B09";"benevolent";1;1;1603
"P025";10;"N07";"neutral";0;1;2571
"P025";11;"B07";"benevolent";1;1;1343
"P025";12;"B10";"benevolent";1;1;1766
"P025";13;"N02";"neutral";0;1;2628
"P025";14;"B01";"benevolent";0;0;1650
"P025";15;"B04";"benevolent";1;1;1953
"P025";16;"B08";"benevolent";1;1;1533
"P025";17;"N10";"neutral";0;1;1453
"P025";18;"N09";"neutral";0;1;1764
"P025";19;"N03";"neutral";0;1;1878
"P025";20;"B06";"benevolent";1;1;1172
"P026";1;"N08";"neutral";1;0;1816
"P026";2;"N02";"neutral";0;1;2315
"P026";3;"B08";"benevolent";1;1;1633
"P026";4;"N09";"neutral";0;1;1797
"P026";5;"N05";"neutral";0;1;1918
"P026";6;"B04";"benevolent";1;1;1706
"P026";7;"N06";"neutral";0;1;1860
"P026";8;"B02";"benevolent";1;1;1980
"P026";9;"B01";"benevolent";1;1;2468
"P026";10;"B06";"benevolent";0;0;4083
"P026";11;"B03";"benevolent";1;1;1510
"P026";12;"N01";"neutral";0;1;1667
"P026";13;"N04";"neutral";1;0;1636
"P026";14;"N10";"neutral";0;1;2054
"P026";15;"B09";"benevolent";1;1;1990
"P026";16;"B07";"benevolent";0;0;1303
"P026";17;"B05";"benevolent";1;1;1876
"P026";18;"N07";"neutral";0;1;2709
"P026";19;"N03";"neutral";0;1;1800
"P026";20;"B10";"benevolent";1;1;2004
"P027";1;"N02";"neutral";0;1;2448
"P027";2;"N05";"neutral";1;0;2852
"P027";3;"N08";"neutral";0;1;2423
"P027";4;"B10";"benevolent";1;1;3033
"P027";5;"B09";"benevolent";1;1;2053
"P027";6;"B06";"benevolent";1;1;2844
"P027";7;"N06";"neutral";0;1;1585
"P027";8;"B02";"benevolent";0;0;1894
"P027";9;"B04";"benevolent";0;0;1720
"P027";10;"N04";"neutral";0;1;2614
"P027";11;"N09";"neutral";0;1;1387
"P027";12;"B01";"benevolent";1;1;1560
"P027";13;"N03";"neutral";0;1;2232
"P027";14;"B03";"benevolent";1;1;2092
"P027";15;"B08";"benevolent";1;1;1974
"P027";16;"N01";"neutral";0;1;2842
"P027";17;"B05";"benevolent";1;1;3352
"P027";18;"N10";"neutral";0;1;1199
"P027";19;"N07";"neutral";1;0;4242
"P027";20;"B07";"benevolent";1;1;1960
"P028";1;"B05";"benevolent";1;1;1702
"P028";2;"N10";"neutral";0;1;1507
"P028";3;"B07";"benevolent";0;0;1663
"P028";4;"N05";"neutral";1;0;1520
"P028";5;"N08";"neutral";0;1;2135
"P028";6;"B01";"benevolent";1;1;2070
"P028";7;"N06";"neutral";0;1;1920
"P028";8;"N04";"neutral";1;0;2877
"P028";9;"B06";"benevolent";1;1;1546
"P028";10;"N07";"neutral";0;1;1863
"P028";11;"N09";"neutral";1;0;2661
"P028";12;"N01";"neutral";0;1;1538
"P028";13;"N03";"neutral";0;1;2183
"P028";14;"N02";"neutral";0;1;3319
"P028";15;"B02";"benevolent";1;1;1081
"P028";16;"B10";"benevolent";1;1;2449
"P028";17;"B08";"benevolent";0;0;1407
"P028";18;"B04";"benevolent";0;0;2210
"P028";19;"B03";"benevolent";1;1;2047
"P028";20;"B09";"benevolent";0;0;1644
"P029";1;"N04";"neutral";0;1;1687
"P029";2;"B07";"benevolent";1;1;2468
"P029";3;"B05";"benevolent";1;1;1728
"P029";4;"B06";"benevolent";1;1;1440
"P029";5;"N01";"neutral";0;1;2466
"P029";6;"N09";"neutral";0;1;2297
"P029";7;"B02";"benevolent";1;1;1628
"P029";8;"N07";"neutral";0;1;1720
"P029";9;"B09";"benevolent";1;1;1649
"P029";10;"N08";"neutral";1;0;2058
"P029";11;"N03";"neutral";0;1;1641
"P029";12;"N05";"neutral";0;1;2698
"P029";13;"B10";"benevolent";1;1;1596
"P029";14;"N06";"neutral";1;0;1445
"P029";15;"N02";"neutral";0;1;1862
"P029";16;"B04";"benevolent";1;1;2053
"P029";17;"B03";"benevolent";1;1;2884
"P029";18;"B01";"benevolent";1;1;3604
"P029";19;"B08";"benevolent";1;1;1948
"P029";20;"N10";"neutral";0;1;2214
"P030";1;"N05";"neutral";0;1;1663
"P030";2;"B03";"benevolent";1;1;1540
"P030";3;"N09";"neutral";0;1;2272
"P030";4;"N06";"neutral";1;0;1480
"P030";5;"B06";"benevolent";1;1;1616
"P030";6;"B05";"benevolent";1;1;1037
"P030";7;"N04";"neutral";1;0;1441
"P030";8;"B10";"benevolent";1;1;1629
"P030";9;"N02";"neutral";1;0;1369
"P030";10;"N08";"neutral";0;1;1283
"P030";11;"N10";"neutral";0;1;1607
"P030";12;"B09";"benevolent";1;1;1780
"P030";13;"N07";"neutral";0;1;1948
"P030";14;"B07";"benevolent";1;1;1874
"P030";15;"B08";"benevolent";1;1;1912
"P030";16;"B01";"benevolent";1;1;2024
"P030";17;"B04";"benevolent";0;0;1816
"P030";18;"N03";"neutral";0;1;1701
"P030";19;"N01";"neutral";0;1;1576
"P030";20;"B02";"benevolent";0;0;1345
"P031";1;"N08";"neutral";0;1;1186
"P031";2;"B06";"benevolent";1;1;2225
"P031";3;"B08";"benevolent";1;1;2538
"P031";4;"N06";"neutral";0;1;2681
"P031";5;"B09";"benevolent";1;1;2655
"P031";6;"B07";"benevolent";1;1;1360
"P031";7;"N02";"neutral";0;1;2345
"P031";8;"B05";"benevolent";1;1;2384
"P031";9;"N05";"neutral";0;1;2261
"P031";10;"N09";"neutral";0;1;2904
"P031";11;"N10";"neutral";1;0;1804
"P031";12;"N03";"neutral";1;0;1985
"P031";13;"B03";"benevolent";1;1;2065
"P031";14;"B02";"benevolent";0;0;2492
"P031";15;"N01";"neutral";0;1;1978
"P031";16;"N07";"neutral";1;0;1613
"P031";17;"B04";"benevolent";1;1;1804
"P031";18;"B01";"benevolent";1;1;1484
"P031";19;"B10";"benevolent";1;1;2449
"P031";20;"N04";"neutral";0;1;2068
"P032";1;"B02";"benevolent";0;0;2225
"P032";2;"N10";"neutral";0;1;1982
"P032";3;"B03";"benevolent";1;1;1342
"P032";4;"N03";"neutral";1;0;2609
"P032";5;"B01";"benevolent";1;1;1589
"P032";6;"N07";"neutral";0;1;2251
"P032";7;"N05";"neutral";0;1;1800
"P032";8;"N01";"neutral";0;1;1434
"P032";9;"B09";"benevolent";1;1;1392
"P032";10;"B10";"benevolent";0;0;1917
"P032";11;"N04";"neutral";0;1;2449
"P032";12;"N09";"neutral";0;1;2066
"P032";13;"B05";"benevolent";1;1;1853
"P032";14;"B08";"benevolent";0;0;2691
"P032";15;"B07";"benevolent";1;1;2096
"P032";16;"N02";"neutral";0;1;1778
"P032";17;"B04";"benevolent";1;1;2499
"P032";18;"B06";"benevolent";1;1;1483
"P032";19;"N06";"neutral";0;1;1514
"P032";20;"N08";"neutral";0;1;2270
"P033";1;"B02";"benevolent";1;1;2142
"P033";2;"N09";"neutral";0;1;1758
"P033";3;"N02";"neutral";0;1;2645
"P033";4;"N01";"neutral";0;1;1897
"P033";5;"B08";"benevolent";0;0;1797
"P033";6;"N03";"neutral";1;0;1963
"P033";7;"B03";"benevolent";0;0;1389
"P033";8;"N05";"neutral";0;1;1745
"P033";9;"B09";"benevolent";1;1;1604
"P033";10;"B07";"benevolent";1;1;1402
"P033";11;"N07";"neutral";1;0;1521
"P033";12;"N10";"neutral";0;1;2338
"P033";13;"B04";"benevolent";1;1;2173
"P033";14;"N08";"neutral";0;1;2305
"P033";15;"B01";"benevolent";1;1;1423
"P033";16;"N04";"neutral";0;1;1077
"P033";17;"B05";"benevolent";1;1;1835
"P033";18;"B06";"benevolent";1;1;1313
"P033";19;"B10";"benevolent";1;1;1930
"P033";20;"N06";"neutral";0;1;1976
"P034";1;"N09";"neutral";1;0;2855
"P034";2;"N05";"neutral";1;0;1698
"P034";3;"N07";"neutral";0;1;2121
"P034";4;"B06";"benevolent";1;1;1717
"P034";5;"B09";"benevolent";1;1;2001
"P034";6;"B02";"benevolent";1;1;1798
"P034";7;"N01";"neutral";0;1;1540
"P034";8;"N03";"neutral";0;1;2044
"P034";9;"N02";"neutral";0;1;2750
"P034";10;"N04";"neutral";0;1;2832
"P034";11;"B10";"benevolent";1;1;2232
"P034";12;"N10";"neutral";0;1;2491
"P034";13;"B07";"benevolent";1;1;2311
"P034";14;"N08";"neutral";0;1;1414
"P034";15;"B05";"benevolent";1;1;2283
"P034";16;"B01";"benevolent";1;1;2151
"P034";17;"N06";"neutral";0;1;1344
"P034";18;"B04";"benevolent";1;1;2673
"P034";19;"B03";"benevolent";1;1;1552
"P034";20;"B08";"benevolent";1;1;1925
"P035";1;"B05";"benevolent";1;1;1762
"P035";2;"B08";"benevolent";1;1;1684
"P035";3;"N10";"neutral";0;1;2455
"P035";4;"N03";"neutral";1;0;2183
"P035";5;"N09";"neutral";0;1;2026
"P035";6;"B09";"benevolent";1;1;2246
"P035";7;"B10";"benevolent";0;0;1542
"P035";8;"B01";"benevolent";1;1;1273
"P035";9;"B02";"benevolent";1;1;1267
"P035";10;"N07";"neutral";0;1;1478
"P035";11;"B03";"benevolent";1;1;1829
"P035";12;"N06";"neutral";0;1;2344
"P035";13;"B07";"benevolent";1;1;1975
"P035";14;"N04";"neutral";0;1;1900
"P035";15;"N02";"neutral";0;1;1462
"P035";16;"B06";"benevolent";1;1;1615
"P035";17;"N01";"neutral";1;0;1787
"P035";18;"B04";"benevolent";1;1;1808
"P035";19;"N08";"neutral";0;1;1043
"P035";20;"N05";"neutral";0;1;2020
"P036";1;"N02";"neutral";0;1;2151
"P036";2;"N03";"neutral";0;1;2152
"P036";3;"N08";"neutral";0;1;1639
"P036";4;"N06";"neutral";0;1;2005
"P036";5;"B03";"benevolent";0;0;1841
"P036";6;"B06";"benevolent";1;1;2177
"P036";7;"N10";"neutral";0;1;2144
"P036";8;"N09";"neutral";0;1;1349
"P036";9;"N04";"neutral";0;1;1930
"P036";10;"N07";"neutral";0;1;1719
"P036";11;"B07";"benevolent";1;1;2182
"P036";12;"B01";"benevolent";1;1;1383
"P036";13;"B02";"benevolent";1;1;1603
"P036";14;"N01";"neutral";0;1;1529
"P036";15;"B05";"benevolent";1;1;1959
"P036";16;"B04";"benevolent";1;1;2212
"P036";17;"B08";"benevolent";1;1;2048
"P036";18;"N05";"neutral";1;0;1883
"P036";19;"B09";"benevolent";0;0;1516
"P036";20;"B10";"benevolent";1;1;1721
"P037";1;"B05";"benevolent";1;1;1653
"P037";2;"B09";"benevolent";1;1;1446
"P037";3;"N03";"neutral";0;1;1796
"P037";4;"N06";"neutral";1;0;2027
"P037";5;"N04";"neutral";1;0;1903
"P037";6;"N05";"neutral";0;1;2450
"P037";7;"B04";"benevolent";1;1;2134
"P037";8;"N08";"neutral";1;0;2422
"P037";9;"N02";"neutral";1;0;2022
"P037";10;"B02";"benevolent";0;0;2079
"P037";11;"B06";"benevolent";1;1;1575
"P037";12;"B01";"benevolent";1;1;2166
"P037";13;"B08";"benevolent";1;1;1396
"P037";14;"N07";"neutral";0;1;1782
"P037";15;"N09";"neutral";0;1;2543
"P037";16;"N10";"neutral";1;0;2258
"P037";17;"N01";"neutral";0;1;1852
"P037";18;"B03";"benevolent";1;1;2923
"P037";19;"B10";"benevolent";1;1;1800
"P037";20;"B07";"benevolent";0;0;1583
"P038";1;"B10";"benevolent";1;1;1536
"P038";2;"B07";"benevolent";1;1;2403
"P038";3;"B04";"benevolent";1;1;1685
"P038";4;"B06";"benevolent";1;1;1735
"P038";5;"N07";"neutral";0;1;2019
"P038";6;"N05";"neutral";1;0;1913
"P038";7;"N03";"neutral";0;1;1816
"P038";8;"B09";"benevolent";1;1;1618
"P038";9;"B02";"benevolent";1;1;1592
"P038";10;"N02";"neutral";0;1;1698
"P038";11;"B03";"benevolent";1;1;2396
"P038";12;"N10";"neutral";0;1;2121
"P038";13;"B08";"benevolent";1;1;1551
"P038";14;"B01";"benevolent";1;1;2752
"P038";15;"B05";"benevolent";1;1;2323
"P038";16;"N09";"neutral";0;1;1980
"P038";17;"N04";"neutral";0;1;2307
"P038";18;"N01";"neutral";0;1;1652
"P038";19;"N08";"neutral";0;1;1970
"P038";20;"N06";"neutral";0;1;2082
"P039";1;"N06";"neutral";0;1;2086
"P039";2;"N05";"neutral";0;1;2429
"P039";3;"B07";"benevolent";1;1;2035
"P039";4;"B10";"benevolent";1;1;2265
"P039";5;"N08";"neutral";1;0;1262
"P039";6;"B05";"benevolent";1;1;1318
"P039";7;"N07";"neutral";0;1;1973
"P039";8;"N01";"neutral";0;1;1386
"P039";9;"B08";"benevolent";1;1;2112
"P039";10;"B03";"benevolent";0;0;1858
"P039";11;"N04";"neutral";1;0;2756
"P039";12;"B04";"benevolent";1;1;1749
"P039";13;"N10";"neutral";0;1;2102
"P039";14;"B09";"benevolent";1;1;2092
"P039";15;"N02";"neutral";1;0;1992
"P039";16;"B02";"benevolent";1;1;2173
"P039";17;"B06";"benevolent";1;1;2423
"P039";18;"N03";"neutral";1;0;2342
"P039";19;"N09";"neutral";1;0;1990
"P039";20;"B01";"benevolent";1;1;1700
"P040";1;"N09";"neutral";0;1;1449
"P040";2;"B05";"benevolent";1;1;1064
"P040";3;"N08";"neutral";1;0;1902
"P040";4;"N10";"neutral";0;1;1591
"P040";5;"B08";"benevolent";1;1;1439
"P040";6;"B04";"benevolent";1;1;1361
"P040";7;"N05";"neutral";0;1;1255
"P040";8;"B10";"benevolent";1;1;1456
"P040";9;"N06";"neutral";0;1;1852
"P040";10;"B01";"benevolent";0;0;1629
"P040";11;"N04";"neutral";0;1;1628
"P040";12;"B06";"benevolent";0;0;1898
"P040";13;"N03";"neutral";0;1;1355
"P040";14;"N01";"neutral";1;0;1323
"P040";15;"B09";"benevolent";1;1;2096
"P040";16;"B03";"benevolent";1;1;1494
"P040";17;"B02";"benevolent";1;1;1353
"P040";18;"N07";"neutral";0;1;1487
"P040";19;"B07";"benevolent";1;1;2008
"P040";20;"N02";"neutral";0;1;3082
"P041";1;"B10";"benevolent";1;1;2170
"P041";2;"B03";"benevolent";1;1;1554
"P041";3;"N06";"neutral";0;1;1743
"P041";4;"N03";"neutral";0;1;1576
"P041";5;"B08";"benevolent";1;1;1501
"P041";6;"N05";"neutral";1;0;1715
"P041";7;"B06";"benevolent";1;1;1479
"P041";8;"N02";"neutral";0;1;1816
"P041";9;"B04";"benevolent";0;0;2169
"P041";10;"B02";"benevolent";1;1;1654
"P041";11;"B05";"benevolent";1;1;2135
"P041";12;"N08";"neutral";0;1;2274
"P041";13;"N01";"neutral";0;1;1803
"P041";14;"N09";"neutral";1;0;2073
"P041";15;"B09";"benevolent";1;1;1831
"P041";16;"N07";"neutral";0;1;1999
"P041";17;"B01";"benevolent";1;1;2262
"P041";18;"N04";"neutral";0;1;1999
"P041";19;"N10";"neutral";0;1;2787
"P041";20;"B07";"benevolent";1;1;1840
"P042";1;"B07";"benevolent";1;1;1877
"P042";2;"B04";"benevolent";1;1;1844
"P042";3;"N03";"neutral";0;1;1658
"P042";4;"B10";"benevolent";0;0;2804
"P042";5;"N04";"neutral";1;0;1795
"P042";6;"B02";"benevolent";1;1;1800
"P042";7;"N08";"neutral";0;1;1883
"P042";8;"N06";"neutral";0;1;2165
"P042";9;"B01";"benevolent";1;1;1819
"P042";10;"B03";"benevolent";1;1;1472
"P042";11;"N01";"neutral";0;1;1953
"P042";12;"N05";"neutral";0;1;1264
"P042";13;"B08";"benevolent";0;0;1786
"P042";14;"N02";"neutral";0;1;1938
"P042";15;"B06";"benevolent";0;0;2069
"P042";16;"N10";"neutral";1;0;2878
"P042";17;"B09";"benevolent";1;1;1850
"P042";18;"N07";"neutral";1;0;1507
"P042";19;"B05";"benevolent";0;0;2704
"P042";20;"N09";"neutral";0;1;1528
"P043";1;"B02";"benevolent";1;1;2448
"P043";2;"N07";"neutral";0;1;1638
"P043";3;"N10";"neutral";0;1;2113
"P043";4;"B01";"benevolent";1;1;1474
"P043";5;"B04";"benevolent";0;0;928
"P043";6;"B06";"benevolent";1;1;1734
"P043";7;"N02";"neutral";0;1;2090
"P043";8;"N03";"neutral";0;1;2713
"P043";9;"B09";"benevolent";1;1;2236
"P043";10;"N09";"neutral";0;1;1957
"P043";11;"N04";"neutral";0;1;1547
"P043";12;"B07";"benevolent";0;0;1654
"P043";13;"N06";"neutral";0;1;2271
"P043";14;"B10";"benevolent";1;1;1359
"P043";15;"B03";"benevolent";1;1;1317
"P043";16;"B08";"benevolent";1;1;1919
"P043";17;"N05";"neutral";0;1;2111
"P043";18;"N01";"neutral";0;1;1928
"P043";19;"B05";"benevolent";1;1;2162
"P043";20;"N08";"neutral";0;1;1441
"P044";1;"N01";"neutral";0;1;2014
"P044";2;"B09";"benevolent";1;1;1461
"P044";3;"N02";"neutral";0;1;1553
"P044";4;"N06";"neutral";0;1;1950
"P044";5;"B08";"benevolent";0;0;1213
"P044";6;"N05";"neutral";0;1;1723
"P044";7;"B10";"benevolent";0;0;1870
"P044";8;"B02";"benevolent";1;1;1506
"P044";9;"N04";"neutral";0;1;1313
"P044";10;"N03";"neutral";0;1;1400
"P044";11;"B04";"benevolent";1;1;1613
"P044";12;"N10";"neutral";0;1;1936
"P044";13;"N07";"neutral";0;1;1303
"P044";14;"B01";"benevolent";1;1;2166
"P044";15;"B06";"benevolent";1;1;1735
"P044";16;"B03";"benevolent";1;1;1394
"P044";17;"N08";"neutral";0;1;1117
"P044";18;"N09";"neutral";0;1;1427
"P044";19;"B07";"benevolent";1;1;1429
"P044";20;"B05";"benevolent";1;1;2024
"P045";1;"N05";"neutral";0;1;1716
"P045";2;"B03";"benevolent";1;1;1916
"P045";3;"B02";"benevolent";1;1;1592
"P045";4;"B04";"benevolent";1;1;1787
"P045";5;"N09";"neutral";0;1;1896
"P045";6;"B06";"benevolent";1;1;2459
"P045";7;"N10";"neutral";0;1;1672
"P045";8;"N07";"neutral";0;1;1579
"P045";9;"B07";"benevolent";1;1;1179
"P045";10;"B09";"benevolent";1;1;2006
"P045";11;"B10";"benevolent";1;1;2103
"P045";12;"N01";"neutral";0;1;2454
"P045";13;"B05";"benevolent";0;0;2301
"P045";14;"N03";"neutral";0;1;2013
"P045";15;"B01";"benevolent";1;1;2011
"P045";16;"N02";"neutral";0;1;1332
"P045";17;"N04";"neutral";0;1;2166
"P045";18;"N08";"neutral";0;1;1520
"P045";19;"B08";"benevolent";1;1;1511
"P045";20;"N06";"neutral";0;1;3327
"P046";1;"B01";"benevolent";0;0;2004
"P046";2;"B07";"benevolent";1;1;1977
"P046";3;"B03";"benevolent";0;0;1786
"P046";4;"N03";"neutral";0;1;2639
"P046";5;"B02";"benevolent";1;1;2324
"P046";6;"N08";"neutral";0;1;2305
"P046";7;"N09";"neutral";0;1;2651
"P046";8;"B05";"benevolent";1;1;2794
"P046";9;"B04";"benevolent";1;1;914
"P046";10;"N04";"neutral";0;1;2466
"P046";11;"B06";"benevolent";1;1;1819
"P046";12;"N02";"neutral";0;1;2177
"P046";13;"B09";"benevolent";1;1;2562
"P046";14;"B10";"benevolent";1;1;1555
"P046";15;"N05";"neutral";0;1;2957
"P046";16;"N06";"neutral";0;1;1438
"P046";17;"N01";"neutral";1;0;1536
"P046";18;"B08";"benevolent";1;1;1176
"P046";19;"N10";"neutral";0;1;2335
"P046";20;"N07";"neutral";0;1;2294
"P047";1;"B02";"benevolent";1;1;2048
"P047";2;"B04";"benevolent";1;1;1864
"P047";3;"N03";"neutral";0;1;2413
"P047";4;"N04";"neutral";0;1;1909
"P047";5;"N10";"neutral";1;0;2164
"P047";6;"N02";"neutral";1;0;1925
"P047";7;"N01";"neutral";0;1;1810
"P047";8;"B06";"benevolent";1;1;2024
"P047";9;"N08";"neutral";0;1;4340
"P047";10;"N05";"neutral";0;1;2167
"P047";11;"B07";"benevolent";1;1;2077
"P047";12;"B09";"benevolent";1;1;1606
"P047";13;"N06";"neutral";0;1;2492
"P047";14;"N07";"neutral";0;1;2306
"P047";15;"B08";"benevolent";1;1;2600
"P047";16;"B01";"benevolent";1;1;2589
"P047";17;"B05";"benevolent";0;0;2279
"P047";18;"B10";"benevolent";1;1;2624
"P047";19;"N09";"neutral";0;1;2924
"P047";20;"B03";"benevolent";0;0;3157
"P048";1;"B07";"benevolent";1;1;2644
"P048";2;"N01";"neutral";0;1;2276
"P048";3;"B04";"benevolent";1;1;1665
"P048";4;"N10";"neutral";0;1;2031
"P048";5;"N08";"neutral";0;1;1365
"P048";6;"N09";"neutral";0;1;2902
"P048";7;"B10";"benevolent";1;1;1725
"P048";8;"B06";"benevolent";1;1;2167
"P048";9;"N07";"neutral";0;1;2748
"P048";10;"B09";"benevolent";0;0;1385
"P048";11;"B05";"benevolent";0;0;1760
"P048";12;"N05";"neutral";1;0;2902
"P048";13;"N06";"neutral";0;1;2107
"P048";14;"N02";"neutral";1;0;2952
"P048";15;"B02";"benevolent";0;0;2722
"P048";16;"B03";"benevolent";1;1;2126
"P048";17;"N03";"neutral";0;1;1716
"P048";18;"B01";"benevolent";1;1;1836
"P048";19;"B08";"benevolent";1;1;1882
"P048";20;"N04";"neutral";0;1;3035
"P049";1;"N07";"neutral";1;0;1624
"P049";2;"B05";"benevolent";1;1;1694
"P049";3;"B07";"benevolent";1;1;2523
"P049";4;"B03";"benevolent";1;1;2234
"P049";5;"B01";"benevolent";1;1;2383
"P049";6;"N08";"neutral";0;1;2205
"P049";7;"N06";"neutral";0;1;2353
"P049";8;"N05";"neutral";0;1;3886
"P049";9;"N10";"neutral";0;1;2985
"P049";10;"B10";"benevolent";1;1;2400
"P049";11;"N02";"neutral";0;1;2264
"P049";12;"N03";"neutral";0;1;2043
"P049";13;"N09";"neutral";0;1;3060
"P049";14;"N01";"neutral";0;1;1886
"P049";15;"B09";"benevolent";0;0;2462
"P049";16;"B02";"benevolent";1;1;2444
"P049";17;"N04";"neutral";0;1;2244
"P049";18;"B06";"benevolent";1;1;2560
"P049";19;"B04";"benevolent";1;1;1539
"P049";20;"B08";"benevolent";0;0;1877
"P050";1;"N05";"neutral";0;1;1582
"P050";2;"N01";"neutral";0;1;1671
"P050";3;"B05";"benevolent";0;0;1847
"P050";4;"B07";"benevolent";1;1;2620
"P050";5;"B09";"benevolent";1;1;1217
"P050";6;"B03";"benevolent";1;1;1747
"P050";7;"B04";"benevolent";1;1;2318
"P050";8;"B01";"benevolent";0;0;1334
"P050";9;"B06";"benevolent";0;0;2012
"P050";10;"B08";"benevolent";0;0;2157
"P050";11;"N07";"neutral";1;0;1657
"P050";12;"B10";"benevolent";1;1;2319
"P050";13;"N04";"neutral";1;0;2855
"P050";14;"N02";"neutral";0;1;2341
"P050";15;"N03";"neutral";1;0;2466
"P050";16;"N10";"neutral";0;1;2428
"P050";17;"N09";"neutral";0;1;1599
"P050";18;"B02";"benevolent";1;1;1441
"P050";19;"N06";"neutral";0;1;1958
"P050";20;"N08";"neutral";0;1;2277
"P051";1;"B09";"benevolent";1;1;1417
"P051";2;"B05";"benevolent";1;1;1170
"P051";3;"B10";"benevolent";1;1;1314
"P051";4;"N09";"neutral";0;1;1236
"P051";5;"B03";"benevolent";1;1;2416
"P051";6;"B04";"benevolent";1;1;1199
"P051";7;"N10";"neutral";1;0;1581
"P051";8;"B02";"benevolent";1;1;1780
"P051";9;"N02";"neutral";1;0;1346
"P051";10;"N05";"neutral";0;1;1748
"P051";11;"B08";"benevolent";1;1;1824
"P051";12;"N06";"neutral";0;1;2811
"P051";13;"N04";"neutral";0;1;1235
"P051";14;"N01";"neutral";0;1;1394
"P051";15;"N07";"neutral";0;1;1704
"P051";16;"B01";"benevolent";1;1;2419
"P051";17;"B07";"benevolent";0;0;1663
"P051";18;"B06";"benevolent";0;0;2010
"P051";19;"N03";"neutral";0;1;2347
"P051";20;"N08";"neutral";1;0;1690
"P052";1;"N08";"neutral";0;1;1171
"P052";2;"B05";"benevolent";1;1;2012
"P052";3;"N04";"neutral";0;1;2821
"P052";4;"B09";"benevolent";1;1;1349
"P052";5;"B04";"benevolent";1;1;2375
"P052";6;"N01";"neutral";0;1;1940
"P052";7;"B07";"benevolent";1;1;2767
"P052";8;"B10";"benevolent";1;1;2054
"P052";9;"B03";"benevolent";1;1;1686
"P052";10;"B08";"benevolent";1;1;1448
"P052";11;"N09";"neutral";0;1;1444
"P052";12;"N03";"neutral";0;1;3631
"P052";13;"N06";"neutral";0;1;2160
"P052";14;"N10";"neutral";0;1;2471
"P052";15;"B06";"benevolent";1;1;1730
"P052";16;"N02";"neutral";1;0;2211
"P052";17;"B02";"benevolent";1;1;2381
"P052";18;"N05";"neutral";1;0;2230
"P052";19;"N07";"neutral";0;1;1955
"P052";20;"B01";"benevolent";1;1;2372
"P053";1;"B09";"benevolent";1;1;2205
"P053";2;"N07";"neutral";0;1;1938
"P053";3;"N09";"neutral";0;1;1969
"P053";4;"N04";"neutral";0;1;2191
"P053";5;"B10";"benevolent";1;1;1922
"P053";6;"N08";"neutral";0;1;1356
"P053";7;"N06";"neutral";1;0;2156
"P053";8;"N05";"neutral";0;1;1918
"P053";9;"B05";"benevolent";1;1;1814
"P053";10;"B04";"benevolent";1;1;2277
"P053";11;"N10";"neutral";1;0;2001
"P053";12;"B07";"benevolent";1;1;1702
"P053";13;"N02";"neutral";0;1;2380
"P053";14;"B02";"benevolent";1;1;1645
"P053";15;"N03";"neutral";0;1;1797
"P053";16;"B03";"benevolent";1;1;1673
"P053";17;"N01";"neutral";0;1;2757
"P053";18;"B06";"benevolent";0;0;1867
"P053";19;"B01";"benevolent";1;1;1460
"P053";20;"B08";"benevolent";1;1;2362
"P054";1;"B10";"benevolent";1;1;2013
"P054";2;"B02";"benevolent";1;1;1288
"P054";3;"B03";"benevolent";1;1;1626
"P054";4;"N02";"neutral";0;1;1599
"P054";5;"N10";"neutral";0;1;1826
"P054";6;"B06";"benevolent";1;1;1208
"P054";7;"B07";"benevolent";1;1;1199
"P054";8;"N08";"neutral";0;1;2223
"P054";9;"N09";"neutral";1;0;1920
"P054";10;"N03";"neutral";0;1;2619
"P054";11;"B05";"benevolent";1;1;1254
"P054";12;"N04";"neutral";0;1;1260
"P054";13;"B08";"benevolent";0;0;1107
"P054";14;"B09";"benevolent";1;1;1989
"P054";15;"B04";"benevolent";1;1;2119
"P054";16;"B01";"benevolent";1;1;1726
"P054";17;"N05";"neutral";0;1;1452
"P054";18;"N06";"neutral";0;1;2290
"P054";19;"N01";"neutral";0;1;2122
"P054";20;"N07";"neutral";0;1;2330
"P055";1;"N08";"neutral";0;1;1826
"P055";2;"B04";"benevolent";1;1;1929
"P055";3;"B08";"benevolent";1;1;2205
"P055";4;"B09";"benevolent";1;1;1443
"P055";5;"B10";"benevolent";1;1;2700
"P055";6;"N07";"neutral";0;1;1312
"P055";7;"N06";"neutral";0;1;2526
"P055";8;"B03";"benevolent";1;1;1834
"P055";9;"N01";"neutral";0;1;1785
"P055";10;"N04";"neutral";0;1;1642
"P055";11;"N09";"neutral";0;1;1854
"P055";12;"N02";"neutral";0;1;1296
"P055";13;"N10";"neutral";0;1;2625
"P055";14;"B05";"benevolent";0;0;1913
"P055";15;"B01";"benevolent";0;0;2488
"P055";16;"B02";"benevolent";1;1;2198
"P055";17;"N03";"neutral";0;1;2260
"P055";18;"N05";"neutral";0;1;2349
"P055";19;"B06";"benevolent";0;0;1766
"P055";20;"B07";"benevolent";1;1;2218
"P056";1;"N10";"neutral";0;1;2558
"P056";2;"N06";"neutral";1;0;1705
"P056";3;"N04";"neutral";0;1;2997
"P056";4;"N05";"neutral";1;0;2311
"P056";5;"N07";"neutral";0;1;2403
"P056";6;"N02";"neutral";0;1;2191
"P056";7;"N09";"neutral";0;1;3292
"P056";8;"B03";"benevolent";1;1;1913
"P056";9;"B04";"benevolent";1;1;1597
"P056";10;"N01";"neutral";0;1;1544
"P056";11;"B08";"benevolent";1;1;2536
"P056";12;"B01";"benevolent";0;0;2243
"P056";13;"B09";"benevolent";1;1;2349
"P056";14;"B07";"benevolent";1;1;2207
"P056";15;"B06";"benevolent";0;0;3434
"P056";16;"B02";"benevolent";1;1;2203
"P056";17;"B10";"benevolent";0;0;2065
"P056";18;"N03";"neutral";0;1;2757
"P056";19;"B05";"benevolent";1;1;2101
"P056";20;"N08";"neutral";0;1;3666
"P057";1;"B01";"benevolent";1;1;3347
"P057";2;"N01";"neutral";0;1;2166
"P057";3;"B08";"benevolent";1;1;2040
"P057";4;"N10";"neutral";0;1;2681
"P057";5;"B04";"benevolent";0;0;2593
"P057";6;"N02";"neutral";1;0;1840
"P057";7;"N03";"neutral";0;1;2190
"P057";8;"B05";"benevolent";1;1;1987
"P057";9;"N09";"neutral";0;1;1737
"P057";10;"N08";"neutral";1;0;2899
"P057";11;"N04";"neutral";0;1;2429
"P057";12;"B03";"benevolent";1;1;2410
"P057";13;"N06";"neutral";0;1;1753
"P057";14;"B02";"benevolent";1;1;1515
"P057";15;"B09";"benevolent";1;1;2070
"P057";16;"B10";"benevolent";1;1;1661
"P057";17;"N07";"neutral";0;1;3134
"P057";18;"N05";"neutral";1;0;2282
"P057";19;"B06";"benevolent";1;1;1798
"P057";20;"B07";"benevolent";1;1;1682
"P058";1;"B01";"benevolent";1;1;2228
"P058";2;"N01";"neutral";0;1;1587
"P058";3;"N03";"neutral";0;1;2007
"P058";4;"N10";"neutral";1;0;2420
"P058";5;"B07";"benevolent";0;0;2670
"P058";6;"B09";"benevolent";1;1;1796
"P058";7;"N02";"neutral";0;1;1521
"P058";8;"B08";"benevolent";1;1;1496
"P058";9;"N08";"neutral";0;1;2112
"P058";10;"N09";"neutral";0;1;2623
"P058";11;"N06";"neutral";0;1;2057
"P058";12;"N05";"neutral";0;1;1497
"P058";13;"N04";"neutral";0;1;2863
"P058";14;"B05";"benevolent";0;0;1889
"P058";15;"N07";"neutral";0;1;1900
"P058";16;"B06";"benevolent";1;1;1143
"P058";17;"B10";"benevolent";1;1;2805
"P058";18;"B04";"benevolent";1;1;2025
"P058";19;"B02";"benevolent";0;0;1749
"P058";20;"B03";"benevolent";1;1;2226
"P059";1;"B05";"benevolent";1;1;1514
"P059";2;"N05";"neutral";0;1;3860
"P059";3;"B03";"benevolent";1;1;2119
"P059";4;"B08";"benevolent";1;1;2277
"P059";5;"B06";"benevolent";1;1;2228
"P059";6;"B01";"benevolent";1;1;1536
"P059";7;"N09";"neutral";0;1;2357
"P059";8;"N01";"neutral";0;1;2286
"P059";9;"B02";"benevolent";1;1;2551
"P059";10;"N10";"neutral";0;1;2808
"P059";11;"B10";"benevolent";1;1;1302
"P059";12;"N07";"neutral";1;0;2441
"P059";13;"B04";"benevolent";1;1;2299
"P059";14;"B07";"benevolent";1;1;1453
"P059";15;"N06";"neutral";0;1;2218
"P059";16;"N04";"neutral";1;0;2400
"P059";17;"N03";"neutral";0;1;1866
"P059";18;"N08";"neutral";0;1;1647
"P059";19;"N02";"neutral";0;1;2153
"P059";20;"B09";"benevolent";1;1;1898
"P060";1;"B02";"benevolent";1;1;2324
"P060";2;"N08";"neutral";0;1;2150
"P060";3;"B08";"benevolent";1;1;1394
"P060";4;"N07";"neutral";0;1;2540
"P060";5;"N05";"neutral";0;1;2492
"P060";6;"B09";"benevolent";1;1;2532
"P060";7;"B04";"benevolent";0;0;1411
"P060";8;"N10";"neutral";0;1;1474
"P060";9;"N09";"neutral";0;1;1454
"P060";10;"B10";"benevolent";1;1;1797
"P060";11;"N04";"neutral";0;1;2428
"P060";12;"N03";"neutral";0;1;2733
"P060";13;"B05";"benevolent";1;1;1835
"P060";14;"N02";"neutral";0;1;2737
"P060";15;"B03";"benevolent";1;1;2045
"P060";16;"B06";"benevolent";1;1;1403
"P060";17;"B01";"benevolent";1;1;1724
"P060";18;"B07";"benevolent";1;1;1415
"P060";19;"N01";"neutral";1;0;2643
"P060";20;"N06";"neutral";0;1;2509
"P061";1;"B05";"benevolent";1;1;2685
"P061";2;"N04";"neutral";0;1;1695
"P061";3;"B09";"benevolent";1;1;3355
"P061";4;"N05";"neutral";0;1;1640
"P061";5;"B01";"benevolent";1;1;2048
"P061";6;"N06";"neutral";1;0;1910
"P061";7;"N01";"neutral";0;1;2396
"P061";8;"N10";"neutral";0;1;2558
"P061";9;"B08";"benevolent";0;0;1845
"P061";10;"B04";"benevolent";0;0;2229
"P061";11;"B06";"benevolent";1;1;2979
"P061";12;"B07";"benevolent";0;0;3278
"P061";13;"N03";"neutral";0;1;3104
"P061";14;"N07";"neutral";0;1;2187
"P061";15;"N09";"neutral";0;1;2302
"P061";16;"B10";"benevolent";0;0;3334
"P061";17;"N02";"neutral";1;0;2554
"P061";18;"B03";"benevolent";0;0;2031
"P061";19;"N08";"neutral";0;1;2571
"P061";20;"B02";"benevolent";1;1;3440
"P062";1;"B06";"benevolent";1;1;1718
"P062";2;"B07";"benevolent";1;1;1705
"P062";3;"N01";"neutral";1;0;2501
"P062";4;"N05";"neutral";0;1;1554
"P062";5;"N06";"neutral";0;1;1577
"P062";6;"B10";"benevolent";0;0;1716
"P062";7;"B02";"benevolent";0;0;2428
"P062";8;"N04";"neutral";0;1;2034
"P062";9;"N09";"neutral";0;1;2531
"P062";10;"B09";"benevolent";1;1;1967
"P062";11;"N10";"neutral";1;0;3003
"P062";12;"B04";"benevolent";1;1;2590
"P062";13;"B03";"benevolent";1;1;1985
"P062";14;"N02";"neutral";0;1;1698
"P062";15;"N03";"neutral";0;1;1458
"P062";16;"N08";"neutral";1;0;2139
"P062";17;"B05";"benevolent";1;1;1602
"P062";18;"N07";"neutral";0;1;1788
"P062";19;"B08";"benevolent";0;0;1764
"P062";20;"B01";"benevolent";1;1;1363
"P063";1;"N06";"neutral";1;0;1160
"P063";2;"B07";"benevolent";1;1;2145
"P063";3;"N02";"neutral";0;1;1994
"P063";4;"N08";"neutral";0;1;2327
"P063";5;"N09";"neutral";1;0;2124
"P063";6;"B09";"benevolent";1;1;1376
"P063";7;"B01";"benevolent";1;1;1805
"P063";8;"B06";"benevolent";1;1;1529
"P063";9;"B03";"benevolent";0;0;1973
"P063";10;"B02";"benevolent";1;1;2160
"P063";11;"N05";"neutral";0;1;1311
"P063";12;"B10";"benevolent";1;1;2556
"P063";13;"N04";"neutral";0;1;1872
"P063";14;"N01";"neutral";0;1;2086
"P063";15;"N10";"neutral";0;1;1346
"P063";16;"N07";"neutral";0;1;1530
"P063";17;"N03";"neutral";0;1;2141
"P063";18;"B04";"benevolent";1;1;2353
"P063";19;"B05";"benevolent";1;1;1036
"P063";20;"B08";"benevolent";1;1;1849
"P064";1;"B09";"benevolent";1;1;1709
"P064";2;"N03";"neutral";0;1;2410
"P064";3;"B05";"benevolent";1;1;2048
"P064";4;"B04";"benevolent";1;1;1678
"P064";5;"B10";"benevolent";1;1;2262
"P064";6;"B01";"benevolent";0;0;3052
"P064";7;"N07";"neutral";0;1;2324
"P064";8;"B03";"benevolent";0;0;1789
"P064";9;"B02";"benevolent";0;0;2254
"P064";10;"N10";"neutral";0;1;1775
"P064";11;"N09";"neutral";1;0;1693
"P064";12;"N04";"neutral";0;1;2201
"P064";13;"B07";"benevolent";1;1;2264
"P064";14;"N08";"neutral";0;1;1733
"P064";15;"N06";"neutral";0;1;1797
"P064";16;"B08";"benevolent";1;1;1737
"P064";17;"N05";"neutral";0;1;1995
"P064";18;"N02";"neutral";0;1;1736
"P064";19;"N01";"neutral";1;0;2423
"P064";20;"B06";"benevolent";0;0;2324
"P065";1;"N02";"neutral";0;1;1445
"P065";2;"N01";"neutral";0;1;1526
"P065";3;"B06";"benevolent";1;1;2834
"P065";4;"B04";"benevolent";1;1;2850
"P065";5;"B02";"benevolent";1;1;1851
"P065";6;"N04";"neutral";1;0;1318
"P065";7;"B05";"benevolent";1;1;1812
"P065";8;"N06";"neutral";1;0;1588
"P065";9;"B03";"benevolent";1;1;1081
"P065";10;"B09";"benevolent";1;1;2327
"P065";11;"N03";"neutral";0;1;2285
"P065";12;"B07";"benevolent";1;1;1903
"P065";13;"B10";"benevolent";1;1;1479
"P065";14;"B01";"benevolent";1;1;2619
"P065";15;"N09";"neutral";0;1;1729
"P065";16;"B08";"benevolent";1;1;1313
"P065";17;"N08";"neutral";0;1;1364
"P065";18;"N10";"neutral";0;1;2460
"P065";19;"N07";"neutral";1;0;2737
"P065";20;"N05";"neutral";0;1;2140
"P066";1;"B04";"benevolent";1;1;2598
"P066";2;"N04";"neutral";0;1;2103
"P066";3;"N03";"neutral";0;1;1561
"P066";4;"B09";"benevolent";1;1;1815
"P066";5;"B10";"benevolent";1;1;1626
"P066";6;"B05";"benevolent";1;1;2560
"P066";7;"B06";"benevolent";0;0;3028
"P066";8;"N08";"neutral";1;0;1487
"P066";9;"B03";"benevolent";1;1;1461
"P066";10;"N09";"neutral";0;1;2491
"P066";11;"N01";"neutral";0;1;2026
"P066";12;"N02";"neutral";0;1;1507
"P066";13;"B02";"benevolent";1;1;1746
"P066";14;"N10";"neutral";0;1;2555
"P066";15;"N05";"neutral";1;0;2069
"P066";16;"B08";"benevolent";1;1;1313
"P066";17;"B01";"benevolent";1;1;1731
"P066";18;"B07";"benevolent";0;0;1176
"P066";19;"N07";"neutral";1;0;1758
"P066";20;"N06";"neutral";1;0;2401
"P067";1;"N08";"neutral";0;1;1574
"P067";2;"B04";"benevolent";1;1;1751
"P067";3;"N07";"neutral";0;1;2639
"P067";4;"N06";"neutral";1;0;1655
"P067";5;"B05";"benevolent";0;0;2452
"P067";6;"B02";"benevolent";1;1;1966
"P067";7;"N01";"neutral";0;1;1937
"P067";8;"N10";"neutral";0;1;2278
"P067";9;"B09";"benevolent";1;1;2029
"P067";10;"N02";"neutral";0;1;2056
"P067";11;"B01";"benevolent";0;0;1619
"P067";12;"B10";"benevolent";1;1;1655
"P067";13;"B08";"benevolent";0;0;1768
"P067";14;"N03";"neutral";0;1;1825
"P067";15;"B07";"benevolent";1;1;1660
"P067";16;"N09";"neutral";0;1;1650
"P067";17;"N05";"neutral";0;1;2134
"P067";18;"B03";"benevolent";1;1;2052
"P067";19;"B06";"benevolent";0;0;1341
"P067";20;"N04";"neutral";0;1;2094
"P068";1;"B02";"benevolent";0;0;2040
"P068";2;"B08";"benevolent";1;1;1803
"P068";3;"B01";"benevolent";0;0;1974
"P068";4;"N07";"neutral";1;0;3393
"P068";5;"N09";"neutral";1;0;2740
"P068";6;"N10";"neutral";0;1;1981
"P068";7;"N03";"neutral";0;1;1915
"P068";8;"B07";"benevolent";1;1;2095
"P068";9;"B09";"benevolent";1;1;1625
"P068";10;"N05";"neutral";0;1;2020
"P068";11;"N06";"neutral";0;1;1598
"P068";12;"N02";"neutral";0;1;1504
"P068";13;"B03";"benevolent";1;1;2056
"P068";14;"N08";"neutral";1;0;1667
"P068";15;"N01";"neutral";0;1;1391
"P068";16;"B06";"benevolent";1;1;2013
"P068";17;"B10";"benevolent";1;1;1300
"P068";18;"B04";"benevolent";0;0;1785
"P068";19;"N04";"neutral";0;1;2180
"P068";20;"B05";"benevolent";1;1;1775
"P069";1;"B04";"benevolent";1;1;2335
"P069";2;"N05";"neutral";0;1;1854
"P069";3;"B03";"benevolent";1;1;2106
"P069";4;"N03";"neutral";0;1;1798
"P069";5;"B02";"benevolent";1;1;1826
"P069";6;"N07";"neutral";1;0;1638
"P069";7;"N10";"neutral";1;0;1731
"P069";8;"B06";"benevolent";1;1;1726
"P069";9;"B08";"benevolent";0;0;1276
"P069";10;"B07";"benevolent";1;1;1240
"P069";11;"N09";"neutral";0;1;1828
"P069";12;"B05";"benevolent";1;1;1490
"P069";13;"N04";"neutral";0;1;1754
"P069";14;"B01";"benevolent";1;1;1910
"P069";15;"N06";"neutral";0;1;1336
"P069";16;"N08";"neutral";0;1;1875
"P069";17;"N02";"neutral";0;1;1575
"P069";18;"N01";"neutral";0;1;1625
"P069";19;"B09";"benevolent";1;1;1279
"P069";20;"B10";"benevolent";1;1;1701
"P070";1;"N08";"neutral";0;1;2035
"P070";2;"B06";"benevolent";1;1;1417
"P070";3;"B05";"benevolent";1;1;1713
"P070";4;"N02";"neutral";0;1;1493
"P070";5;"B09";"benevolent";1;1;1101
"P070";6;"N10";"neutral";0;1;1913
"P070";7;"N03";"neutral";0;1;2036
"P070";8;"B10";"benevolent";1;1;2269
"P070";9;"B02";"benevolent";0;0;1215
"P070";10;"B08";"benevolent";1;1;1530
"P070";11;"B03";"benevolent";1;1;1666
"P070";12;"N05";"neutral";0;1;1906
"P070";13;"N06";"neutral";0;1;1891
"P070";14;"N01";"neutral";0;1;2001
"P070";15;"N09";"neutral";0;1;2025
"P070";16;"N07";"neutral";0;1;2079
"P070";17;"N04";"neutral";0;1;2159
"P070";18;"B07";"benevolent";1;1;2185
"P070";19;"B01";"benevolent";1;1;1618
"P070";20;"B04";"benevolent";1;1;2012
"P071";1;"B08";"benevolent";1;1;2125
"P071";2;"B07";"benevolent";1;1;1553
"P071";3;"B09";"benevolent";1;1;1483
"P071";4;"N10";"neutral";0;1;3616
"P071";5;"B10";"benevolent";1;1;1702
"P071";6;"B02";"benevolent";1;1;2006
"P071";7;"N07";"neutral";0;1;1790
"P071";8;"N02";"neutral";0;1;2147
"P071";9;"B01";"benevolent";1;1;2239
"P071";10;"B05";"benevolent";1;1;1267
"P071";11;"N01";"neutral";0;1;2245
"P071";12;"N05";"neutral";0;1;1627
"P071";13;"B06";"benevolent";1;1;961
"P071";14;"N09";"neutral";0;1;1905
"P071";15;"N03";"neutral";0;1;2097
"P071";16;"N04";"neutral";0;1;1849
"P071";17;"N08";"neutral";0;1;1893
"P071";18;"B04";"benevolent";0;0;2128
"P071";19;"N06";"neutral";0;1;2256
"P071";20;"B03";"benevolent";0;0;1296
"P072";1;"N04";"neutral";0;1;1401
"P072";2;"N10";"neutral";0;1;2696
"P072";3;"N08";"neutral";0;1;2000
"P072";4;"N07";"neutral";0;1;1186
"P072";5;"B09";"benevolent";1;1;2093
"P072";6;"B05";"benevolent";1;1;1889
"P072";7;"B06";"benevolent";1;1;1672
"P072";8;"B02";"benevolent";1;1;1492
"P072";9;"N02";"neutral";0;1;1984
"P072";10;"B03";"benevolent";1;1;1790
"P072";11;"N03";"neutral";0;1;1707
"P072";12;"B07";"benevolent";1;1;1693
"P072";13;"N09";"neutral";0;1;1596
"P072";14;"B10";"benevolent";1;1;1826
"P072";15;"N06";"neutral";0;1;2393
"P072";16;"B01";"benevolent";1;1;1857
"P072";17;"N05";"neutral";0;1;1895
"P072";18;"B04";"benevolent";0;0;1915
"P072";19;"N01";"neutral";0;1;1781
"P072";20;"B08";"benevolent";1;1;1719
"P073";1;"B10";"benevolent";1;1;1927
"P073";2;"B09";"benevolent";1;1;2127
"P073";3;"N02";"neutral";0;1;2521
"P073";4;"B04";"benevolent";0;0;2635
"P073";5;"B06";"benevolent";1;1;3092
"P073";6;"B02";"benevolent";0;0;2072
"P073";7;"N08";"neutral";1;0;4168
"P073";8;"N03";"neutral";1;0;2044
"P073";9;"B03";"benevolent";1;1;1865
"P073";10;"N01";"neutral";0;1;1841
"P073";11;"N06";"neutral";0;1;1708
"P073";12;"B05";"benevolent";1;1;2110
"P073";13;"B08";"benevolent";1;1;2469
"P073";14;"N05";"neutral";0;1;2250
"P073";15;"B01";"benevolent";1;1;2531
"P073";16;"B07";"benevolent";1;1;2009
"P073";17;"N04";"neutral";0;1;1912
"P073";18;"N10";"neutral";0;1;2421
"P073";19;"N09";"neutral";0;1;3174
"P073";20;"N07";"neutral";0;1;2805
"P074";1;"N09";"neutral";0;1;1895
"P074";2;"B06";"benevolent";1;1;2148
"P074";3;"N02";"neutral";0;1;2638
"P074";4;"B03";"benevolent";1;1;2866
"P074";5;"B01";"benevolent";1;1;2089
"P074";6;"N05";"neutral";0;1;1931
"P074";7;"B02";"benevolent";1;1;2663
"P074";8;"B10";"benevolent";0;0;4344
"P074";9;"B07";"benevolent";1;1;2995
"P074";10;"N06";"neutral";0;1;2605
"P074";11;"B08";"benevolent";1;1;3317
"P074";12;"B05";"benevolent";1;1;3232
"P074";13;"B09";"benevolent";0;0;2167
"P074";14;"N07";"neutral";1;0;2151
"P074";15;"B04";"benevolent";0;0;2005
"P074";16;"N01";"neutral";0;1;2851
"P074";17;"N04";"neutral";1;0;2540
"P074";18;"N03";"neutral";1;0;1739
"P074";19;"N08";"neutral";0;1;2687
"P074";20;"N10";"neutral";0;1;1787
"P075";1;"B06";"benevolent";0;0;1824
"P075";2;"N08";"neutral";1;0;2406
"P075";3;"B02";"benevolent";1;1;2556
"P075";4;"N09";"neutral";0;1;1920
"P075";5;"N03";"neutral";0;1;2023
"P075";6;"B04";"benevolent";1;1;1918
"P075";7;"B05";"benevolent";1;1;1719
"P075";8;"N05";"neutral";0;1;1705
"P075";9;"B03";"benevolent";1;1;2343
"P075";10;"B09";"benevolent";1;1;1755
"P075";11;"N04";"neutral";0;1;1719
"P075";12;"N01";"neutral";0;1;1709
"P075";13;"N06";"neutral";0;1;2063
"P075";14;"B10";"benevolent";1;1;1468
"P075";15;"B08";"benevolent";1;1;2917
"P075";16;"B01";"benevolent";0;0;1679
"P075";17;"N07";"neutral";0;1;1834
"P075";18;"N10";"neutral";0;1;1653
"P075";19;"N02";"neutral";0;1;2605
"P075";20;"B07";"benevolent";0;0;1962
"P076";1;"N05";"neutral";0;1;1161
"P076";2;"B08";"benevolent";1;1;1184
"P076";3;"B06";"benevolent";1;1;2360
"P076";4;"N01";"neutral";0;1;1335
"P076";5;"N07";"neutral";0;1;2138
"P076";6;"B03";"benevolent";0;0;1484
"P076";7;"N06";"neutral";0;1;1974
"P076";8;"B01";"benevolent";1;1;1224
"P076";9;"N08";"neutral";0;1;2277
"P076";10;"N09";"neutral";0;1;1839
"P076";11;"N04";"neutral";0;1;1847
"P076";12;"B09";"benevolent";1;1;1320
"P076";13;"B04";"benevolent";1;1;1644
"P076";14;"N10";"neutral";1;0;1843
"P076";15;"B10";"benevolent";1;1;1546
"P076";16;"N02";"neutral";0;1;1499
"P076";17;"N03";"neutral";0;1;1654
"P076";18;"B02";"benevolent";0;0;1326
"P076";19;"B05";"benevolent";1;1;1986
"P076";20;"B07";"benevolent";0;0;1527
"P077";1;"B06";"benevolent";0;0;2053
"P077";2;"N07";"neutral";0;1;2941
"P077";3;"N01";"neutral";0;1;2543
"P077";4;"N04";"neutral";0;1;2452
"P077";5;"N02";"neutral";1;0;2468
"P077";6;"B07";"benevolent";1;1;1991
"P077";7;"N06";"neutral";0;1;1772
"P077";8;"B02";"benevolent";1;1;1512
"P077";9;"B01";"benevolent";1;1;1252
"P077";10;"N03";"neutral";0;1;2453
"P077";11;"N05";"neutral";0;1;1763
"P077";12;"B08";"benevolent";1;1;2209
"P077";13;"N09";"neutral";0;1;2445
"P077";14;"N10";"neutral";0;1;2770
"P077";15;"B10";"benevolent";1;1;2009
"P077";16;"B09";"benevolent";1;1;1619
"P077";17;"B04";"benevolent";1;1;1639
"P077";18;"B03";"benevolent";1;1;1869
"P077";19;"B05";"benevolent";0;0;1701
"P077";20;"N08";"neutral";0;1;3234
"P078";1;"N05";"neutral";0;1;2356
"P078";2;"N02";"neutral";1;0;1598
"P078";3;"B05";"benevolent";0;0;2892
"P078";4;"N08";"neutral";0;1;3610
"P078";5;"B08";"benevolent";0;0;1560
"P078";6;"B02";"benevolent";0;0;3362
"P078";7;"B07";"benevolent";0;0;3086
"P078";8;"B03";"benevolent";1;1;1865
"P078";9;"B06";"benevolent";0;0;2328
"P078";10;"N03";"neutral";1;0;2167
"P078";11;"B04";"benevolent";1;1;1633
"P078";12;"B01";"benevolent";1;1;1837
"P078";13;"N09";"neutral";0;1;2418
"P078";14;"B10";"benevolent";1;1;1972
"P078";15;"N04";"neutral";1;0;2506
"P078";16;"N10";"neutral";0;1;2368
"P078";17;"N06";"neutral";0;1;2473
"P078";18;"B09";"benevolent";0;0;3245
"P078";19;"N01";"neutral";0;1;2799
"P078";20;"N07";"neutral";1;0;2242
"P079";1;"B08";"benevolent";1;1;2435
"P079";2;"B04";"benevolent";0;0;2538
"P079";3;"B10";"benevolent";0;0;1719
"P079";4;"B01";"benevolent";1;1;2997
"P079";5;"N09";"neutral";1;0;1521
"P079";6;"N10";"neutral";1;0;3090
"P079";7;"B02";"benevolent";0;0;1196
"P079";8;"N06";"neutral";0;1;1980
"P079";9;"B09";"benevolent";1;1;1906
"P079";10;"N08";"neutral";0;1;1633
"P079";11;"N03";"neutral";0;1;2082
"P079";12;"N01";"neutral";0;1;2652
"P079";13;"N07";"neutral";1;0;2822
"P079";14;"B06";"benevolent";0;0;2050
"P079";15;"B05";"benevolent";0;0;1817
"P079";16;"N02";"neutral";1;0;1396
"P079";17;"N05";"neutral";0;1;3774
"P079";18;"B03";"benevolent";1;1;2914
"P079";19;"B07";"benevolent";1;1;1935
"P079";20;"N04";"neutral";0;1;3046
"P080";1;"N06";"neutral";0;1;1508
"P080";2;"B04";"benevolent";1;1;1300
"P080";3;"B01";"benevolent";1;1;1847
"P080";4;"N07";"neutral";0;1;2832
"P080";5;"B07";"benevolent";1;1;2100
"P080";6;"N03";"neutral";0;1;2055
"P080";7;"B06";"benevolent";1;1;1744
"P080";8;"N09";"neutral";1;0;1999
"P080";9;"N10";"neutral";0;1;1859
"P080";10;"B10";"benevolent";1;1;1433
"P080";11;"B02";"benevolent";0;0;1965
"P080";12;"N02";"neutral";0;1;1640
"P080";13;"B09";"benevolent";1;1;1610
"P080";14;"N01";"neutral";0;1;1915
"P080";15;"N04";"neutral";0;1;1474
"P080";16;"N08";"neutral";0;1;2171
"P080";17;"B08";"benevolent";1;1;2127
"P080";18;"B05";"benevolent";1;1;2104
"P080";19;"N05";"neutral";0;1;1842
"P080";20;"B03";"benevolent";1;1;1539
"P081";1;"B04";"benevolent";1;1;1412
"P081";2;"B09";"benevolent";1;1;1255
"P081";3;"B10";"benevolent";1;1;2246
"P081";4;"N02";"neutral";0;1;1966
"P081";5;"N07";"neutral";0;1;2140
"P081";6;"B02";"benevolent";0;0;1703
"P081";7;"B07";"benevolent";0;0;2207
"P081";8;"N03";"neutral";1;0;1722
"P081";9;"N04";"neutral";1;0;2026
"P081";10;"B08";"benevolent";1;1;1589
"P081";11;"N08";"neutral";0;1;2235
"P081";12;"B03";"benevolent";0;0;2300
"P081";13;"B06";"benevolent";1;1;1891
"P081";14;"N01";"neutral";0;1;1461
"P081";15;"N09";"neutral";0;1;2308
"P081";16;"B05";"benevolent";1;1;2289
"P081";17;"N05";"neutral";0;1;2674
"P081";18;"N10";"neutral";0;1;2366
"P081";19;"B01";"benevolent";1;1;1938
"P081";20;"N06";"neutral";0;1;2105
"P082";1;"N08";"neutral";0;1;2705
"P082";2;"N06";"neutral";1;0;1843
"P082";3;"B03";"benevolent";1;1;2295
"P082";4;"N01";"neutral";0;1;2523
"P082";5;"B07";"benevolent";1;1;1653
"P082";6;"N07";"neutral";0;1;2197
"P082";7;"B08";"benevolent";1;1;2634
"P082";8;"N10";"neutral";0;1;2893
"P082";9;"N03";"neutral";0;1;2277
"P082";10;"N04";"neutral";0;1;1667
"P082";11;"B10";"benevolent";1;1;2717
"P082";12;"B01";"benevolent";1;1;2502
"P082";13;"N05";"neutral";0;1;2176
"P082";14;"B04";"benevolent";1;1;2220
"P082";15;"N09";"neutral";0;1;2094
"P082";16;"N02";"neutral";0;1;2309
"P082";17;"B09";"benevolent";1;1;2343
"P082";18;"B02";"benevolent";1;1;2477
"P082";19;"B06";"benevolent";1;1;2174
"P082";20;"B05";"benevolent";0;0;1882
"P083";1;"N06";"neutral";1;0;2253
"P083";2;"B07";"benevolent";1;1;2061
"P083";3;"B05";"benevolent";1;1;1928
"P083";4;"N10";"neutral";0;1;1989
"P083";5;"B04";"benevolent";1;1;1453
"P083";6;"B10";"benevolent";1;1;2793
"P083";7;"N01";"neutral";0;1;1589
"P083";8;"N02";"neutral";0;1;2153
"P083";9;"B01";"benevolent";1;1;1886
"P083";10;"B09";"benevolent";1;1;1929
"P083";11;"B03";"benevolent";1;1;1800
"P083";12;"N08";"neutral";0;1;1726
"P083";13;"B08";"benevolent";1;1;1898
"P083";14;"N09";"neutral";0;1;3170
"P083";15;"N07";"neutral";1;0;2132
"P083";16;"B02";"benevolent";1;1;1577
"P083";17;"N04";"neutral";0;1;1685
"P083";18;"N03";"neutral";0;1;1101
"P083";19;"B06";"benevolent";1;1;1373
"P083";20;"N05";"neutral";0;1;1624
"P084";1;"B08";"benevolent";1;1;2328
"P084";2;"N05";"neutral";0;1;2687
"P084";3;"B04";"benevolent";0;0;2409
"P084";4;"B01";"benevolent";1;1;1718
"P084";5;"N09";"neutral";1;0;2185
"P084";6;"N01";"neutral";0;1;1350
"P084";7;"B02";"benevolent";0;0;1472
"P084";8;"B05";"benevolent";1;1;1683
"P084";9;"B10";"benevolent";1;1;1698
"P084";10;"B06";"benevolent";1;1;2037
"P084";11;"B09";"benevolent";1;1;3118
"P084";12;"B03";"benevolent";1;1;1582
"P084";13;"N03";"neutral";0;1;2864
"P084";14;"N04";"neutral";0;1;2394
"P084";15;"N07";"neutral";0;1;1993
"P084";16;"N06";"neutral";0;1;2797
"P084";17;"N10";"neutral";0;1;1667
"P084";18;"B07";"benevolent";0;0;2121
"P084";19;"N02";"neutral";0;1;1177
"P084";20;"N08";"neutral";0;1;2321
"P085";1;"B04";"benevolent";1;1;1690
"P085";2;"B07";"benevolent";1;1;3507
"P085";3;"B05";"benevolent";1;1;1999
"P085";4;"N06";"neutral";0;1;2512
"P085";5;"N07";"neutral";0;1;3514
"P085";6;"N03";"neutral";0;1;1880
"P085";7;"N05";"neutral";0;1;2544
"P085";8;"N09";"neutral";0;1;2311
"P085";9;"N04";"neutral";1;0;1239
"P085";10;"N01";"neutral";0;1;1973
"P085";11;"B06";"benevolent";1;1;1484
"P085";12;"B02";"benevolent";1;1;1650
"P085";13;"B03";"benevolent";1;1;2774
"P085";14;"B08";"benevolent";1;1;1886
"P085";15;"N10";"neutral";0;1;2144
"P085";16;"N02";"neutral";0;1;1991
"P085";17;"N08";"neutral";0;1;1855
"P085";18;"B09";"benevolent";1;1;1768
"P085";19;"B01";"benevolent";1;1;2340
"P085";20;"B10";"benevolent";1;1;2123
"P086";1;"N10";"neutral";0;1;2056
"P086";2;"N07";"neutral";0;1;2362
"P086";3;"B01";"benevolent";1;1;2308
"P086";4;"B04";"benevolent";1;1;2246
"P086";5;"N09";"neutral";0;1;1554
"P086";6;"B10";"benevolent";1;1;2352
"P086";7;"N03";"neutral";0;1;1362
"P086";8;"N02";"neutral";0;1;2041
"P086";9;"B08";"benevolent";0;0;1074
"P086";10;"N05";"neutral";0;1;2369
"P086";11;"N06";"neutral";0;1;1243
"P086";12;"N04";"neutral";0;1;1428
"P086";13;"B06";"benevolent";1;1;1428
"P086";14;"B05";"benevolent";1;1;1511
"P086";15;"B07";"benevolent";1;1;2014
"P086";16;"B03";"benevolent";1;1;3082
"P086";17;"B09";"benevolent";1;1;1293
"P086";18;"B02";"benevolent";1;1;1033
"P086";19;"N01";"neutral";1;0;1977
"P086";20;"N08";"neutral";1;0;2020
"P087";1;"B06";"benevolent";0;0;1477
"P087";2;"N09";"neutral";1;0;2064
"P087";3;"B09";"benevolent";0;0;1487
"P087";4;"N06";"neutral";0;1;1776
"P087";5;"N10";"neutral";0;1;1434
"P087";6;"N07";"neutral";0;1;1843
"P087";7;"N01";"neutral";1;0;1743
"P087";8;"N03";"neutral";0;1;1657
"P087";9;"B10";"benevolent";1;1;1645
"P087";10;"B07";"benevolent";1;1;1341
"P087";11;"N05";"neutral";0;1;1218
"P087";12;"B08";"benevolent";0;0;1663
"P087";13;"B02";"benevolent";1;1;1639
"P087";14;"N08";"neutral";1;0;2256
"P087";15;"B04";"benevolent";1;1;1351
"P087";16;"B01";"benevolent";0;0;1767
"P087";17;"N04";"neutral";0;1;1144
"P087";18;"B05";"benevolent";1;1;2634
"P087";19;"B03";"benevolent";1;1;2242
"P087";20;"N02";"neutral";1;0;1789
"P088";1;"B08";"benevolent";1;1;1448
"P088";2;"B09";"benevolent";1;1;3260
"P088";3;"N03";"neutral";0;1;2090
"P088";4;"N06";"neutral";0;1;2634
"P088";5;"B04";"benevolent";1;1;2674
"P088";6;"B01";"benevolent";1;1;2292
"P088";7;"B02";"benevolent";1;1;1503
"P088";8;"B03";"benevolent";1;1;1854
"P088";9;"N02";"neutral";0;1;1734
"P088";10;"B06";"benevolent";1;1;2277
"P088";11;"N08";"neutral";0;1;2164
"P088";12;"N07";"neutral";1;0;2174
"P088";13;"B07";"benevolent";1;1;2244
"P088";14;"N10";"neutral";0;1;2570
"P088";15;"N09";"neutral";0;1;2368
"P088";16;"N04";"neutral";0;1;2187
"P088";17;"N01";"neutral";0;1;1428
"P088";18;"N05";"neutral";0;1;2338
"P088";19;"B10";"benevolent";1;1;2305
"P088";20;"B05";"benevolent";1;1;2100
"P089";1;"N10";"neutral";0;1;1812
"P089";2;"N03";"neutral";0;1;1766
"P089";3;"B05";"benevolent";1;1;2424
"P089";4;"N06";"neutral";0;1;1717
"P089";5;"B01";"benevolent";1;1;2215
"P089";6;"B06";"benevolent";1;1;1539
"P089";7;"B04";"benevolent";1;1;1842
"P089";8;"B08";"benevolent";1;1;2667
"P089";9;"N09";"neutral";0;1;1964
"P089";10;"B07";"benevolent";1;1;2122
"P089";11;"B03";"benevolent";1;1;2076
"P089";12;"N04";"neutral";0;1;1886
"P089";13;"N01";"neutral";0;1;2118
"P089";14;"N05";"neutral";0;1;2198
"P089";15;"N02";"neutral";0;1;2195
"P089";16;"N07";"neutral";0;1;3097
"P089";17;"B02";"benevolent";1;1;1778
"P089";18;"B09";"benevolent";1;1;2141
"P089";19;"B10";"benevolent";1;1;1985
"P089";20;"N08";"neutral";1;0;1994
"P090";1;"N01";"neutral";1;0;2154
"P090";2;"N03";"neutral";0;1;1967
"P090";3;"B07";"benevolent";1;1;1752
"P090";4;"B02";"benevolent";1;1;1206
"P090";5;"N05";"neutral";0;1;1436
"P090";6;"B10";"benevolent";1;1;1608
"P090";7;"N04";"neutral";1;0;2122
"P090";8;"B05";"benevolent";1;1;1405
"P090";9;"N06";"neutral";0;1;1400
"P090";10;"N08";"neutral";0;1;1416
"P090";11;"B08";"benevolent";0;0;1334
"P090";12;"B03";"benevolent";1;1;1955
"P090";13;"N10";"neutral";1;0;2091
"P090";14;"B01";"benevolent";1;1;1603
"P090";15;"N02";"neutral";0;1;1769
"P090";16;"N09";"neutral";0;1;2101
"P090";17;"B09";"benevolent";1;1;2067
"P090";18;"N07";"neutral";0;1;2070
"P090";19;"B06";"benevolent";1;1;2404
"P090";20;"B04";"benevolent";0;0;2389
"P091";1;"N03";"neutral";0;1;1664
"P091";2;"N06";"neutral";0;1;2735
"P091";3;"B08";"benevolent";1;1;1961
"P091";4;"B05";"benevolent";1;1;2935
"P091";5;"B07";"benevolent";1;1;2129
"P091";6;"B03";"benevolent";0;0;1734
"P091";7;"N04";"neutral";0;1;2823
"P091";8;"N02";"neutral";1;0;2696
"P091";9;"N08";"neutral";0;1;3567
"P091";10;"N01";"neutral";0;1;2020
"P091";11;"N05";"neutral";0;1;2353
"P091";12;"N09";"neutral";0;1;1702
"P091";13;"N07";"neutral";0;1;1673
"P091";14;"B09";"benevolent";1;1;1607
"P091";15;"B02";"benevolent";1;1;2282
"P091";16;"B01";"benevolent";1;1;2537
"P091";17;"B06";"benevolent";1;1;3078
"P091";18;"N10";"neutral";0;1;2356
"P091";19;"B10";"benevolent";0;0;3353
"P091";20;"B04";"benevolent";1;1;2331
"P092";1;"B10";"benevolent";1;1;1822
"P092";2;"B08";"benevolent";1;1;1332
"P092";3;"N05";"neutral";1;0;1689
"P092";4;"B02";"benevolent";1;1;1911
"P092";5;"B03";"benevolent";1;1;1403
"P092";6;"B01";"benevolent";1;1;1258
"P092";7;"N07";"neutral";1;0;2007
"P092";8;"B06";"benevolent";1;1;1947
"P092";9;"B09";"benevolent";1;1;1510
"P092";10;"N08";"neutral";0;1;1523
"P092";11;"N03";"neutral";0;1;2363
"P092";12;"B05";"benevolent";0;0;1827
"P092";13;"B04";"benevolent";0;0;1683
"P092";14;"B07";"benevolent";0;0;1962
"P092";15;"N09";"neutral";0;1;2451
"P092";16;"N02";"neutral";0;1;1597
"P092";17;"N04";"neutral";0;1;1453
"P092";18;"N10";"neutral";1;0;1844
"P092";19;"N06";"neutral";0;1;1230
"P092";20;"N01";"neutral";1;0;2439
"P093";1;"B03";"benevolent";1;1;2089
"P093";2;"B02";"benevolent";1;1;1322
"P093";3;"B10";"benevolent";1;1;2060
"P093";4;"B05";"benevolent";1;1;1463
"P093";5;"B04";"benevolent";1;1;1978
"P093";6;"B01";"benevolent";1;1;1536
"P093";7;"N07";"neutral";0;1;1385
"P093";8;"N08";"neutral";0;1;2330
"P093";9;"N01";"neutral";0;1;1318
"P093";10;"N06";"neutral";0;1;1619
"P093";11;"B07";"benevolent";1;1;1439
"P093";12;"B09";"benevolent";1;1;2164
"P093";13;"B06";"benevolent";1;1;1628
"P093";14;"N04";"neutral";0;1;1128
"P093";15;"B08";"benevolent";1;1;1268
"P093";16;"N05";"neutral";0;1;1442
"P093";17;"N02";"neutral";0;1;1990
"P093";18;"N10";"neutral";1;0;1363
"P093";19;"N03";"neutral";0;1;1710
"P093";20;"N09";"neutral";0;1;1697
"P094";1;"N02";"neutral";0;1;2513
"P094";2;"N04";"neutral";0;1;1833
"P094";3;"B10";"benevolent";1;1;1652
"P094";4;"B05";"benevolent";0;0;2044
"P094";5;"B09";"benevolent";1;1;1690
"P094";6;"N10";"neutral";1;0;2352
"P094";7;"N08";"neutral";0;1;2169
"P094";8;"B06";"benevolent";1;1;1917
"P094";9;"N01";"neutral";0;1;1943
"P094";10;"N06";"neutral";0;1;3439
"P094";11;"N03";"neutral";0;1;2027
"P094";12;"N09";"neutral";1;0;1751
"P094";13;"N07";"neutral";0;1;1489
"P094";14;"B08";"benevolent";1;1;2266
"P094";15;"B01";"benevolent";1;1;1757
"P094";16;"B04";"benevolent";1;1;2411
"P094";17;"N05";"neutral";1;0;1889
"P094";18;"B07";"benevolent";1;1;2492
"P094";19;"B02";"benevolent";1;1;1851
"P094";20;"B03";"benevolent";1;1;1854
"P095";1;"B03";"benevolent";1;1;2407
"P095";2;"N02";"neutral";0;1;1826
"P095";3;"N10";"neutral";0;1;1760
"P095";4;"B07";"benevolent";1;1;1682
"P095";5;"N06";"neutral";1;0;3004
"P095";6;"N04";"neutral";0;1;2354
"P095";7;"N09";"neutral";0;1;2069
"P095";8;"B06";"benevolent";1;1;1652
"P095";9;"N01";"neutral";0;1;1621
"P095";10;"N08";"neutral";1;0;1866
"P095";11;"B02";"benevolent";1;1;2326
"P095";12;"B10";"benevolent";1;1;1481
"P095";13;"N05";"neutral";1;0;1582
"P095";14;"B05";"benevolent";1;1;2498
"P095";15;"B08";"benevolent";1;1;1907
"P095";16;"N07";"neutral";0;1;2029
"P095";17;"B04";"benevolent";1;1;1571
"P095";18;"N03";"neutral";1;0;1841
"P095";19;"B01";"benevolent";1;1;1848
"P095";20;"B09";"benevolent";1;1;1759
"P096";1;"N03";"neutral";0;1;2329
"P096";2;"B01";"benevolent";1;1;2406
"P096";3;"N01";"neutral";0;1;2017
"P096";4;"B09";"benevolent";1;1;1718
"P096";5;"N07";"neutral";1;0;3651
"P096";6;"N09";"neutral";0;1;2003
"P096";7;"B05";"benevolent";1;1;2825
"P096";8;"N08";"neutral";0;1;2100
"P096";9;"N05";"neutral";0;1;2123
"P096";10;"B10";"benevolent";1;1;1891
"P096";11;"N10";"neutral";0;1;1691
"P096";12;"B07";"benevolent";1;1;1671
"P096";13;"N06";"neutral";0;1;1756
"P096";14;"B04";"benevolent";1;1;2140
"P096";15;"N02";"neutral";1;0;2379
"P096";16;"N04";"neutral";0;1;2695
"P096";17;"B02";"benevolent";0;0;1939
"P096";18;"B03";"benevolent";1;1;2135
"P096";19;"B08";"benevolent";1;1;2519
"P096";20;"B06";"benevolent";0;0;899
"P097";1;"B05";"benevolent";1;1;1747
"P097";2;"N06";"neutral";0;1;1937
"P097";3;"N09";"neutral";0;1;2148
"P097";4;"N01";"neutral";0;1;2057
"P097";5;"N05";"neutral";0;1;2424
"P097";6;"B10";"benevolent";1;1;1855
"P097";7;"N07";"neutral";1;0;1612
"P097";8;"B07";"benevolent";1;1;1858
"P097";9;"B04";"benevolent";1;1;2049
"P097";10;"B01";"benevolent";1;1;2427
"P097";11;"B03";"benevolent";1;1;1455
"P097";12;"N10";"neutral";0;1;3165
"P097";13;"N08";"neutral";0;1;1596
"P097";14;"N03";"neutral";1;0;1641
"P097";15;"B08";"benevolent";0;0;1424
"P097";16;"B02";"benevolent";1;1;2321
"P097";17;"B06";"benevolent";1;1;1753
"P097";18;"N04";"neutral";0;1;1914
"P097";19;"B09";"benevolent";1;1;1555
"P097";20;"N02";"neutral";0;1;1593
"P098";1;"B10";"benevolent";1;1;1755
"P098";2;"B02";"benevolent";1;1;2195
"P098";3;"N08";"neutral";0;1;2183
"P098";4;"N04";"neutral";0;1;1663
"P098";5;"B06";"benevolent";1;1;1257
"P098";6;"B01";"benevolent";1;1;2643
"P098";7;"N03";"neutral";0;1;1318
"P098";8;"N05";"neutral";0;1;2203
"P098";9;"B04";"benevolent";1;1;888
"P098";10;"N07";"neutral";0;1;1377
"P098";11;"B03";"benevolent";1;1;1563
"P098";12;"B08";"benevolent";1;1;1666
"P098";13;"N06";"neutral";0;1;2061
"P098";14;"B07";"benevolent";1;1;1609
"P098";15;"N02";"neutral";0;1;1906
"P098";16;"N09";"neutral";0;1;2230
"P098";17;"B05";"benevolent";1;1;1929
"P098";18;"B09";"benevolent";1;1;2228
"P098";19;"N01";"neutral";0;1;1330
"P098";20;"N10";"neutral";0;1;1987
"P099";1;"N06";"neutral";0;1;2261
"P099";2;"N04";"neutral";0;1;3483
"P099";3;"B09";"benevolent";1;1;3293
"P099";4;"N10";"neutral";0;1;2198
"P099";5;"B10";"benevolent";1;1;1962
"P099";6;"N07";"neutral";0;1;1929
"P099";7;"N03";"neutral";0;1;2339
"P099";8;"B05";"benevolent";1;1;2871
"P099";9;"B01";"benevolent";1;1;2268
"P099";10;"B03";"benevolent";1;1;1769
"P099";11;"B07";"benevolent";1;1;4451
"P099";12;"N05";"neutral";0;1;1918
"P099";13;"N08";"neutral";0;1;1815
"P099";14;"B08";"benevolent";1;1;1455
"P099";15;"B04";"benevolent";1;1;2134
"P099";16;"B02";"benevolent";0;0;1805
"P099";17;"N02";"neutral";0;1;1915
"P099";18;"N09";"neutral";0;1;2281
"P099";19;"N01";"neutral";0;1;2116
"P099";20;"B06";"benevolent";1;1;2184
"P100";1;"B09";"benevolent";1;1;1348
"P100";2;"N01";"neutral";0;1;1960
"P100";3;"N07";"neutral";0;1;1125
"P100";4;"B06";"benevolent";0;0;1370
"P100";5;"B05";"benevolent";1;1;907
"P100";6;"B03";"benevolent";1;1;1150
"P100";7;"N08";"neutral";0;1;1077
"P100";8;"N10";"neutral";1;0;1693
"P100";9;"B02";"benevolent";1;1;1748
"P100";10;"B08";"benevolent";1;1;1576
"P100";11;"N03";"neutral";1;0;2338
"P100";12;"N02";"neutral";0;1;1501
"P100";13;"N09";"neutral";0;1;1856
"P100";14;"N05";"neutral";1;0;1905
"P100";15;"B01";"benevolent";1;1;1356
"P100";16;"B10";"benevolent";1;1;2038
"P100";17;"B07";"benevolent";0;0;1076
"P100";18;"B04";"benevolent";1;1;732
"P100";19;"N06";"neutral";0;1;1163
"P100";20;"N04";"neutral";0;1;1882
"P101";1;"N03";"neutral";0;1;1555
"P101";2;"N09";"neutral";0;1;1906
"P101";3;"N04";"neutral";0;1;1926
"P101";4;"N01";"neutral";0;1;3511
"P101";5;"B02";"benevolent";1;1;2084
"P101";6;"B01";"benevolent";1;1;2286
"P101";7;"N10";"neutral";0;1;2899
"P101";8;"B03";"benevolent";1;1;2256
"P101";9;"N07";"neutral";1;0;1975
"P101";10;"N02";"neutral";1;0;2006
"P101";11;"N05";"neutral";0;1;2678
"P101";12;"B04";"benevolent";1;1;1542
"P101";13;"N06";"neutral";0;1;2079
"P101";14;"B05";"benevolent";1;1;2259
"P101";15;"B07";"benevolent";1;1;2797
"P101";16;"B06";"benevolent";1;1;2103
"P101";17;"N08";"neutral";0;1;2327
"P101";18;"B09";"benevolent";1;1;2155
"P101";19;"B10";"benevolent";1;1;2591
"P101";20;"B08";"benevolent";1;1;2425
"P102";1;"B04";"benevolent";1;1;1327
"P102";2;"N08";"neutral";0;1;2098
"P102";3;"N06";"neutral";0;1;2178
"P102";4;"B06";"benevolent";1;1;2169
"P102";5;"N09";"neutral";0;1;1901
"P102";6;"B01";"benevolent";1;1;1527
"P102";7;"N03";"neutral";0;1;2385
"P102";8;"N05";"neutral";0;1;2872
"P102";9;"B08";"benevolent";1;1;2215
"P102";10;"B03";"benevolent";1;1;2028
"P102";11;"B09";"benevolent";0;0;2148
"P102";12;"N04";"neutral";0;1;1639
"P102";13;"B05";"benevolent";1;1;1774
"P102";14;"B07";"benevolent";1;1;2119
"P102";15;"B10";"benevolent";0;0;1988
"P102";16;"B02";"benevolent";1;1;1740
"P102";17;"N01";"neutral";0;1;2559
"P102";18;"N10";"neutral";0;1;1999
"P102";19;"N07";"neutral";0;1;3070
"P102";20;"N02";"neutral";1;0;1906
"P103";1;"B09";"benevolent";1;1;2000
"P103";2;"N02";"neutral";0;1;1735
"P103";3;"N10";"neutral";0;1;1897
"P103";4;"N07";"neutral";0;1;1974
"P103";5;"N08";"neutral";0;1;1450
"P103";6;"N04";"neutral";0;1;1951
"P103";7;"N06";"neutral";0;1;1599
"P103";8;"B10";"benevolent";1;1;2533
"P103";9;"B05";"benevolent";1;1;1759
"P103";10;"B04";"benevolent";1;1;1748
"P103";11;"B06";"benevolent";1;1;1954
"P103";12;"B01";"benevolent";1;1;1921
"P103";13;"N09";"neutral";0;1;2360
"P103";14;"B02";"benevolent";1;1;1351
"P103";15;"N03";"neutral";0;1;1845
"P103";16;"B03";"benevolent";1;1;1644
"P103";17;"N05";"neutral";0;1;2454
"P103";18;"B07";"benevolent";1;1;1875
"P103";19;"B08";"benevolent";1;1;1955
"P103";20;"N01";"neutral";0;1;1533
"P104";1;"N01";"neutral";0;1;2020
"P104";2;"N09";"neutral";1;0;1866
"P104";3;"N06";"neutral";0;1;1669
"P104";4;"B05";"benevolent";1;1;1873
"P104";5;"N04";"neutral";0;1;2291
"P104";6;"B06";"benevolent";1;1;1976
"P104";7;"N07";"neutral";0;1;1943
"P104";8;"B03";"benevolent";1;1;1662
"P104";9;"B08";"benevolent";0;0;2034
"P104";10;"N05";"neutral";0;1;2443
"P104";11;"B01";"benevolent";1;1;1782
"P104";12;"N03";"neutral";0;1;1096
"P104";13;"B07";"benevolent";1;1;1879
"P104";14;"N08";"neutral";0;1;1651
"P104";15;"B10";"benevolent";1;1;2461
"P104";16;"B02";"benevolent";1;1;2219
"P104";17;"B04";"benevolent";1;1;1475
"P104";18;"B09";"benevolent";1;1;1478
"P104";19;"N10";"neutral";0;1;1748
"P104";20;"N02";"neutral";0;1;1612
"P105";1;"B10";"benevolent";1;1;3682
"P105";2;"N04";"neutral";0;1;2658
"P105";3;"N02";"neutral";0;1;1796
"P105";4;"B06";"benevolent";1;1;1401
"P105";5;"B05";"benevolent";1;1;1955
"P105";6;"N09";"neutral";0;1;2746
"P105";7;"B02";"benevolent";1;1;2040
"P105";8;"N01";"neutral";0;1;2689
"P105";9;"N06";"neutral";0;1;1848
"P105";10;"N07";"neutral";0;1;2612
"P105";11;"B08";"benevolent";1;1;1982
"P105";12;"B03";"benevolent";1;1;2262
"P105";13;"N10";"neutral";0;1;1568
"P105";14;"N05";"neutral";0;1;2260
"P105";15;"B04";"benevolent";1;1;1704
"P105";16;"N03";"neutral";0;1;2311
"P105";17;"B09";"benevolent";1;1;2340
"P105";18;"N08";"neutral";0;1;2675
"P105";19;"B07";"benevolent";1;1;1894
"P105";20;"B01";"benevolent";1;1;2756
"P106";1;"N04";"neutral";1;0;2327
"P106";2;"N03";"neutral";0;1;2271
"P106";3;"B08";"benevolent";0;0;1780
"P106";4;"N01";"neutral";0;1;1613
"P106";5;"B10";"benevolent";1;1;1474
"P106";6;"N07";"neutral";0;1;1193
"P106";7;"B03";"benevolent";1;1;1882
"P106";8;"B01";"benevolent";1;1;1787
"P106";9;"B05";"benevolent";0;0;1529
"P106";10;"N08";"neutral";0;1;1270
"P106";11;"N09";"neutral";1;0;1191
"P106";12;"B02";"benevolent";0;0;1771
"P106";13;"N02";"neutral";0;1;1642
"P106";14;"B07";"benevolent";1;1;1635
"P106";15;"N10";"neutral";0;1;1787
"P106";16;"B09";"benevolent";0;0;1476
"P106";17;"B06";"benevolent";0;0;1346
"P106";18;"B04";"benevolent";1;1;1547
"P106";19;"N06";"neutral";0;1;1579
"P106";20;"N05";"neutral";0;1;2183
"P107";1;"N03";"neutral";0;1;2495
"P107";2;"N05";"neutral";0;1;2081
"P107";3;"N01";"neutral";0;1;1823
"P107";4;"B06";"benevolent";1;1;1293
"P107";5;"N08";"neutral";0;1;1957
"P107";6;"N04";"neutral";0;1;1277
"P107";7;"N06";"neutral";0;1;1366
"P107";8;"N07";"neutral";0;1;1817
"P107";9;"B02";"benevolent";1;1;1578
"P107";10;"N09";"neutral";0;1;1906
"P107";11;"B10";"benevolent";1;1;2006
"P107";12;"B09";"benevolent";1;1;2112
"P107";13;"B08";"benevolent";1;1;1500
"P107";14;"N02";"neutral";0;1;2590
"P107";15;"B05";"benevolent";1;1;1202
"P107";16;"B03";"benevolent";1;1;2393
"P107";17;"B04";"benevolent";1;1;1919
"P107";18;"B07";"benevolent";1;1;1567
"P107";19;"B01";"benevolent";1;1;1877
"P107";20;"N10";"neutral";0;1;1857
"P108";1;"N04";"neutral";0;1;1592
"P108";2;"N05";"neutral";0;1;1793
"P108";3;"N06";"neutral";0;1;2037
"P108";4;"B06";"benevolent";1;1;2233
"P108";5;"N09";"neutral";0;1;1750
"P108";6;"N07";"neutral";0;1;1729
"P108";7;"B04";"benevolent";1;1;2148
"P108";8;"N03";"neutral";0;1;2185
"P108";9;"B08";"benevolent";1;1;1729
"P108";10;"B05";"benevolent";1;1;1191
"P108";11;"N01";"neutral";0;1;1868
"P108";12;"B02";"benevolent";1;1;1862
"P108";13;"N02";"neutral";0;1;2769
"P108";14;"B03";"benevolent";1;1;1659
"P108";15;"B09";"benevolent";1;1;1044
"P108";16;"N08";"neutral";0;1;2025
"P108";17;"B10";"benevolent";1;1;1476
"P108";18;"N10";"neutral";1;0;1559
"P108";19;"B07";"benevolent";1;1;1754
"P108";20;"B01";"benevolent";1;1;2316
"P109";1;"B05";"benevolent";1;1;2188
"P109";2;"B08";"benevolent";1;1;2565
"P109";3;"B09";"benevolent";1;1;1853
"P109";4;"N02";"neutral";0;1;2284
"P109";5;"N05";"neutral";0;1;1866
"P109";6;"N10";"neutral";0;1;1981
"P109";7;"N04";"neutral";0;1;1589
"P109";8;"N06";"neutral";0;1;1782
"P109";9;"B02";"benevolent";1;1;2266
"P109";10;"B01";"benevolent";1;1;1671
"P109";11;"N07";"neutral";0;1;3364
"P109";12;"N01";"neutral";0;1;1979
"P109";13;"B07";"benevolent";1;1;2365
"P109";14;"B10";"benevolent";1;1;1934
"P109";15;"B03";"benevolent";1;1;1870
"P109";16;"B06";"benevolent";1;1;2326
"P109";17;"N08";"neutral";1;0;2877
"P109";18;"B04";"benevolent";0;0;2296
"P109";19;"N09";"neutral";0;1;1703
"P109";20;"N03";"neutral";0;1;1852
"P110";1;"N01";"neutral";1;0;2584
"P110";2;"N09";"neutral";1;0;2084
"P110";3;"N08";"neutral";0;1;2699
"P110";4;"N05";"neutral";0;1;2122
"P110";5;"B01";"benevolent";0;0;2136
"P110";6;"B04";"benevolent";1;1;1381
"P110";7;"B10";"benevolent";0;0;2930
"P110";8;"N03";"neutral";0;1;1843
"P110";9;"B05";"benevolent";1;1;1353
"P110";10;"N02";"neutral";0;1;2041
"P110";11;"B02";"benevolent";1;1;2245
"P110";12;"N04";"neutral";0;1;1683
"P110";13;"B07";"benevolent";1;1;2191
"P110";14;"B06";"benevolent";1;1;2164
"P110";15;"B03";"benevolent";1;1;2132
"P110";16;"B08";"benevolent";1;1;1668
"P110";17;"N06";"neutral";0;1;2449
"P110";18;"B09";"benevolent";1;1;1748
"P110";19;"N07";"neutral";0;1;2080
"P110";20;"N10";"neutral";0;1;3023
"P111";1;"B06";"benevolent";1;1;2878
"P111";2;"B01";"benevolent";1;1;2726
"P111";3;"N02";"neutral";0;1;2109
"P111";4;"B08";"benevolent";1;1;1453
"P111";5;"N05";"neutral";0;1;2523
"P111";6;"N08";"neutral";0;1;2099
"P111";7;"N07";"neutral";0;1;2338
"P111";8;"N10";"neutral";0;1;2060
"P111";9;"B03";"benevolent";0;0;1558
"P111";10;"N04";"neutral";0;1;2975
"P111";11;"B10";"benevolent";1;1;1806
"P111";12;"B04";"benevolent";0;0;1959
"P111";13;"N06";"neutral";1;0;1663
"P111";14;"N09";"neutral";0;1;2265
"P111";15;"N01";"neutral";0;1;2006
"P111";16;"B05";"benevolent";1;1;2061
"P111";17;"B02";"benevolent";1;1;1960
"P111";18;"N03";"neutral";0;1;2413
"P111";19;"B09";"benevolent";1;1;1527
"P111";20;"B07";"benevolent";1;1;2412
"P112";1;"B07";"benevolent";1;1;1876
"P112";2;"N08";"neutral";0;1;2011
"P112";3;"B05";"benevolent";1;1;1622
"P112";4;"B04";"benevolent";1;1;2025
"P112";5;"N10";"neutral";0;1;1961
"P112";6;"N05";"neutral";0;1;1620
"P112";7;"B06";"benevolent";1;1;1338
"P112";8;"N03";"neutral";0;1;2546
"P112";9;"B10";"benevolent";1;1;1664
"P112";10;"N07";"neutral";0;1;1714
"P112";11;"B03";"benevolent";0;0;2580
"P112";12;"N04";"neutral";1;0;2670
"P112";13;"B09";"benevolent";1;1;3068
"P112";14;"N09";"neutral";0;1;2795
"P112";15;"B08";"benevolent";1;1;2252
"P112";16;"N06";"neutral";0;1;2607
"P112";17;"B01";"benevolent";1;1;2376
"P112";18;"N02";"neutral";0;1;2390
"P112";19;"B02";"benevolent";1;1;2026
"P112";20;"N01";"neutral";0;1;2220
"P113";1;"B03";"benevolent";0;0;2137
"P113";2;"B10";"benevolent";0;0;1748
"P113";3;"B05";"benevolent";1;1;1671
"P113";4;"B08";"benevolent";0;0;1857
"P113";5;"N04";"neutral";0;1;2032
"P113";6;"B09";"benevolent";0;0;2553
"P113";7;"N03";"neutral";0;1;1746
"P113";8;"N07";"neutral";0;1;2302
"P113";9;"N10";"neutral";1;0;1835
"P113";10;"N01";"neutral";0;1;2197
"P113";11;"B06";"benevolent";1;1;1680
"P113";12;"N05";"neutral";0;1;2015
"P113";13;"B02";"benevolent";1;1;1817
"P113";14;"N06";"neutral";0;1;2478
"P114";1;"N08";"neutral";0;1;1174
"P114";2;"N10";"neutral";0;1;1782
"P114";3;"B09";"benevolent";1;1;1308
"P114";4;"B10";"benevolent";1;1;2005
"P114";5;"N09";"neutral";0;1;1918
"P114";6;"B01";"benevolent";1;1;1731
"P114";7;"N02";"neutral";0;1;2962
"P114";8;"B06";"benevolent";1;1;1564
"P114";9;"N05";"neutral";0;1;2713
"P114";10;"N03";"neutral";0;1;1574
"P114";11;"B02";"benevolent";0;0;3384
"P114";12;"B08";"benevolent";1;1;1335
"P114";13;"B04";"benevolent";1;1;1986
"P114";14;"B07";"benevolent";1;1;1976
"P114";15;"N01";"neutral";1;0;1509
"P114";16;"N07";"neutral";1;0;1858
"P114";17;"N06";"neutral";0;1;1792
"P114";18;"B03";"benevolent";1;1;2110
"P114";19;"N04";"neutral";1;0;1739
"P114";20;"B05";"benevolent";1;1;2710
"P115";1;"N05";"neutral";0;1;1469
"P115";2;"N07";"neutral";0;1;2044
"P115";3;"N06";"neutral";0;1;2490
"P115";4;"N01";"neutral";0;1;2024
"P115";5;"N09";"neutral";0;1;1506
"P115";6;"N08";"neutral";0;1;2545
"P115";7;"N04";"neutral";0;1;1837
"P115";8;"B05";"benevolent";1;1;1065
"P115";9;"B08";"benevolent";0;0;1126
"P115";10;"N10";"neutral";0;1;1603
"P115";11;"B06";"benevolent";1;1;1744
"P115";12;"B07";"benevolent";1;1;1258
"P115";13;"B09";"benevolent";1;1;2011
"P115";14;"N02";"neutral";1;0;1912
"P115";15;"B01";"benevolent";1;1;1452
"P115";16;"B10";"benevolent";1;1;2183
"P115";17;"N03";"neutral";1;0;2348
"P115";18;"B03";"benevolent";1;1;1552
"P115";19;"B02";"benevolent";1;1;1423
"P115";20;"B04";"benevolent";0;0;1330
"P116";1;"B02";"benevolent";1;1;1637
"P116";2;"N02";"neutral";0;1;2044
"P116";3;"B03";"benevolent";0;0;2272
"P116";4;"N01";"neutral";1;0;1691
"P116";5;"B01";"benevolent";1;1;2141
"P116";6;"N05";"neutral";0;1;1614
"P116";7;"B04";"benevolent";1;1;2110
"P116";8;"B09";"benevolent";0;0;1355
"P116";9;"N04";"neutral";1;0;2112
"P116";10;"N09";"neutral";0;1;1861
"P116";11;"B06";"benevolent";1;1;2261
"P116";12;"B10";"benevolent";1;1;1579
"P116";13;"N10";"neutral";1;0;1617
"P116";14;"N03";"neutral";1;0;1806
"P116";15;"N06";"neutral";1;0;2386
"P116";16;"N08";"neutral";0;1;2582
"P116";17;"B08";"benevolent";1;1;1448
"P116";18;"B07";"benevolent";1;1;2117
"P116";19;"N07";"neutral";0;1;1920
"P116";20;"B05";"benevolent";1;1;2131
"P117";1;"N06";"neutral";0;1;2321
"P117";2;"N01";"neutral";0;1;2888
"P117";3;"B09";"benevolent";0;0;1943
"P117";4;"B06";"benevolent";0;0;2081
"P117";5;"B05";"benevolent";1;1;2451
"P117";6;"B04";"benevolent";1;1;1730
"P117";7;"N05";"neutral";0;1;2115
"P117";8;"N04";"neutral";0;1;2170
"P117";9;"N07";"neutral";0;1;1449
"P117";10;"N08";"neutral";0;1;1845
"P117";11;"B08";"benevolent";1;1;2350
"P117";12;"B02";"benevolent";1;1;3226
"P117";13;"N02";"neutral";0;1;2356
"P117";14;"B07";"benevolent";1;1;2561
"P117";15;"N10";"neutral";0;1;2479
"P117";16;"B03";"benevolent";1;1;1544
"P117";17;"N09";"neutral";0;1;2531
"P117";18;"N03";"neutral";0;1;2378
"P117";19;"B01";"benevolent";1;1;1840
"P117";20;"B10";"benevolent";0;0;2137
"P118";1;"B01";"benevolent";1;1;1738
"P118";2;"B05";"benevolent";1;1;1532
"P118";3;"B06";"benevolent";1;1;1861
"P118";4;"N10";"neutral";0;1;2196
"P118";5;"N02";"neutral";0;1;2448
"P118";6;"N04";"neutral";0;1;2100
"P118";7;"N09";"neutral";0;1;2227
"P118";8;"N03";"neutral";0;1;2593
"P118";9;"B04";"benevolent";0;0;1458
"P118";10;"B02";"benevolent";1;1;1558
"P118";11;"B09";"benevolent";1;1;1632
"P118";12;"B10";"benevolent";1;1;2000
"P118";13;"N01";"neutral";0;1;1738
"P118";14;"B03";"benevolent";0;0;1370
"P118";15;"B07";"benevolent";1;1;2193
"P118";16;"N08";"neutral";1;0;1464
"P118";17;"N05";"neutral";1;0;1934
"P118";18;"N06";"neutral";0;1;2035
"P118";19;"N07";"neutral";0;1;2168
"P118";20;"B08";"benevolent";1;1;1265
"P119";1;"N03";"neutral";0;1;1788
"P119";2;"B09";"benevolent";0;0;2071
"P119";3;"N05";"neutral";1;0;2718
"P119";4;"N01";"neutral";1;0;1769
"P119";5;"N09";"neutral";1;0;2059
"P119";6;"N08";"neutral";0;1;1847
"P119";7;"N04";"neutral";0;1;1964
"P119";8;"N02";"neutral";0;1;2564
"P119";9;"N07";"neutral";1;0;1814
"P119";10;"B03";"benevolent";0;0;1790
"P119";11;"B01";"benevolent";0;0;2781
"P119";12;"B10";"benevolent";1;1;1882
"P119";13;"B02";"benevolent";1;1;1879
"P119";14;"B04";"benevolent";1;1;1733
"P119";15;"B07";"benevolent";0;0;1901
"P119";16;"N10";"neutral";0;1;1693
"P119";17;"N06";"neutral";0;1;1292
"P119";18;"B06";"benevolent";1;1;3066
"P119";19;"B05";"benevolent";1;1;1707
"P119";20;"B08";"benevolent";1;1;1873
"P120";1;"B09";"benevolent";1;1;1719
"P120";2;"B10";"benevolent";1;1;2424
"P120";3;"B08";"benevolent";1;1;3774
"P120";4;"B06";"benevolent";1;1;2938
"P120";5;"B07";"benevolent";1;1;2204
"P120";6;"B01";"benevolent";0;0;2290
"P120";7;"B03";"benevolent";1;1;2984
"P120";8;"N04";"neutral";0;1;3558
"P120";9;"N06";"neutral";0;1;2024
"P120";10;"B02";"benevolent";0;0;2021
"P120";11;"N03";"neutral";0;1;2992
"P120";12;"N10";"neutral";0;1;1767
"P120";13;"N08";"neutral";0;1;2244
"P120";14;"N05";"neutral";0;1;2051
"P120";15;"B05";"benevolent";1;1;2443
"P120";16;"N02";"neutral";0;1;2270
"P120";17;"N01";"neutral";0;1;2813
"P120";18;"N07";"neutral";0;1;3341
"P120";19;"N09";"neutral";1;0;1988
"P120";20;"B04";"benevolent";1;1;1889
"P121";1;"B04";"benevolent";1;1;1784
"P121";2;"B01";"benevolent";1;1;1119
"P121";3;"B06";"benevolent";1;1;1482
"P121";4;"N01";"neutral";0;1;1584
"P121";5;"B03";"benevolent";1;1;1758
"P121";6;"N02";"neutral";0;1;1189
"P121";7;"B02";"benevolent";0;0;1259
"P121";8;"B05";"benevolent";1;1;1282
"P121";9;"N08";"neutral";0;1;1158
"P121";10;"N04";"neutral";1;0;2154
"P121";11;"N10";"neutral";0;1;1421
"P121";12;"B09";"benevolent";1;1;1141
"P121";13;"N03";"neutral";0;1;1238
"P121";14;"N09";"neutral";0;1;1738
"P121";15;"B10";"benevolent";1;1;1461
"P121";16;"B08";"benevolent";1;1;1309
"P121";17;"B07";"benevolent";1;1;1772
"P121";18;"N07";"neutral";0;1;1446
"P121";19;"N05";"neutral";0;1;1483
"P121";20;"N06";"neutral";0;1;1665
"P122";1;"N06";"neutral";0;1;2114
"P122";2;"N08";"neutral";1;0;1998
"P122";3;"B09";"benevolent";0;0;1627
"P122";4;"N09";"neutral";0;1;2860
"P122";5;"B01";"benevolent";0;0;1462
"P122";6;"B03";"benevolent";1;1;1754
"P122";7;"N01";"neutral";0;1;2172
"P122";8;"N03";"neutral";1;0;1974
"P122";9;"N02";"neutral";0;1;2081
"P122";10;"B10";"benevolent";1;1;2569
"P122";11;"B02";"benevolent";1;1;3241
"P122";12;"B07";"benevolent";1;1;1900
"P122";13;"B04";"benevolent";1;1;2324
"P122";14;"N05";"neutral";0;1;2219
"P122";15;"B08";"benevolent";0;0;1541
"P122";16;"N07";"neutral";0;1;2490
"P122";17;"B06";"benevolent";0;0;3201
"P122";18;"B05";"benevolent";1;1;2354
"P122";19;"N10";"neutral";0;1;3983
"P122";20;"N04";"neutral";1;0;1553
"P123";1;"B02";"benevolent";1;1;1971
"P123";2;"B05";"benevolent";1;1;1741
"P123";3;"N07";"neutral";0;1;2216
"P123";4;"B09";"benevolent";1;1;2518
"P123";5;"B07";"benevolent";1;1;1797
"P123";6;"N04";"neutral";0;1;2272
"P123";7;"N02";"neutral";0;1;2446
"P123";8;"N05";"neutral";0;1;2568
"P123";9;"B08";"benevolent";1;1;1615
"P123";10;"N06";"neutral";0;1;1329
"P123";11;"B04";"benevolent";1;1;1278
"P123";12;"N01";"neutral";0;1;1656
"P123";13;"N08";"neutral";0;1;1880
"P123";14;"B06";"benevolent";1;1;1655
"P123";15;"B10";"benevolent";1;1;1568
"P123";16;"B01";"benevolent";1;1;1365
"P123";17;"N09";"neutral";0;1;1791
"P123";18;"N03";"neutral";0;1;2197
"P123";19;"N10";"neutral";0;1;2344
"P123";20;"B03";"benevolent";1;1;1333
"P124";1;"B03";"benevolent";1;1;2047
"P124";2;"B10";"benevolent";0;0;1507
"P124";3;"N07";"neutral";0;1;2552
"P124";4;"N04";"neutral";0;1;1480
"P124";5;"B06";"benevolent";0;0;2046
"P124";6;"N03";"neutral";0;1;2276
"P124";7;"N06";"neutral";0;1;2205
"P124";8;"N02";"neutral";0;1;1929
"P124";9;"N10";"neutral";0;1;1843
"P124";10;"B01";"benevolent";1;1;1793
"P124";11;"B05";"benevolent";1;1;2388
"P124";12;"B09";"benevolent";1;1;1611
"P124";13;"B07";"benevolent";1;1;2235
"P124";14;"B02";"benevolent";1;1;1704
"P124";15;"B04";"benevolent";0;0;2412
"P124";16;"N01";"neutral";0;1;2451
"P124";17;"N09";"neutral";0;1;2313
"P124";18;"N08";"neutral";0;1;1726
"P124";19;"B08";"benevolent";1;1;2534
"P124";20;"N05";"neutral";0;1;2253
"P125";1;"B10";"benevolent";1;1;1842
"P125";2;"N10";"neutral";1;0;1540
"P125";3;"B03";"benevolent";1;1;1942
"P125";4;"N08";"neutral";0;1;1934
"P125";5;"B06";"benevolent";1;1;2660
"P125";6;"B08";"benevolent";1;1;1922
"P125";7;"B07";"benevolent";0;0;2386
"P125";8;"N01";"neutral";0;1;2914
"P125";9;"N06";"neutral";0;1;2088
"P125";10;"B02";"benevolent";1;1;2387
"P125";11;"B04";"benevolent";1;1;2464
"P125";12;"N09";"neutral";0;1;1632
"P125";13;"B05";"benevolent";1;1;2931
"P125";14;"N02";"neutral";0;1;1817
"P125";15;"N04";"neutral";0;1;1729
"P125";16;"N05";"neutral";0;1;1501
"P125";17;"N03";"neutral";0;1;2212
"P125";18;"N07";"neutral";1;0;2146
"P125";19;"B09";"benevolent";1;1;1355
"P125";20;"B01";"benevolent";1;1;2472
"P126";1;"N02";"neutral";0;1;1744
"P126";2;"N07";"neutral";0;1;2152
"P126";3;"N01";"neutral";0;1;2493
"P126";4;"N04";"neutral";0;1;2203
"P126";5;"B06";"benevolent";1;1;1899
"P126";6;"B10";"benevolent";1;1;2423
"P126";7;"B07";"benevolent";1;1;1888
"P126";8;"B08";"benevolent";0;0;1846
"P126";9;"B02";"benevolent";1;1;1565
"P126";10;"N06";"neutral";0;1;2493
"P126";11;"N08";"neutral";1;0;1805
"P126";12;"N09";"neutral";1;0;2709
"P126";13;"B03";"benevolent";1;1;2060
"P126";14;"N03";"neutral";0;1;3061
"P126";15;"B05";"benevolent";1;1;1423
"P126";16;"B09";"benevolent";1;1;1858
"P126";17;"B04";"benevolent";1;1;2923
"P126";18;"B01";"benevolent";0;0;2117
"P126";19;"N05";"neutral";0;1;2581
"P126";20;"N10";"neutral";0;1;2130
"P127";1;"N03";"neutral";0;1;2027
"P127";2;"B02";"benevolent";1;1;1394
"P127";3;"N05";"neutral";0;1;3582
"P127";4;"B05";"benevolent";1;1;2029
"P127";5;"B04";"benevolent";0;0;2588
"P127";6;"B10";"benevolent";0;0;1359
"P127";7;"N04";"neutral";0;1;2469
"P127";8;"N06";"neutral";0;1;2242
"P127";9;"N07";"neutral";0;1;1575
"P127";10;"N01";"neutral";0;1;4214
"P127";11;"B01";"benevolent";1;1;2295
"P127";12;"B08";"benevolent";1;1;1623
"P127";13;"N09";"neutral";1;0;2135
"P127";14;"B07";"benevolent";0;0;2305
"P127";15;"B06";"benevolent";0;0;2209
"P127";16;"N02";"neutral";0;1;2534
"P127";17;"B03";"benevolent";0;0;1685
"P127";18;"N08";"neutral";0;1;2901
"P127";19;"N10";"neutral";0;1;2425
"P127";20;"B09";"benevolent";1;1;3585
"P128";1;"N02";"neutral";0;1;1488
"P128";2;"N09";"neutral";1;0;1663
"P128";3;"N08";"neutral";0;1;1868
"P128";4;"B01";"benevolent";0;0;2030
"P128";5;"B06";"benevolent";1;1;1433
"P128";6;"N01";"neutral";0;1;1935
"P128";7;"N04";"neutral";0;1;2271
"P128";8;"B05";"benevolent";1;1;1814
"P128";9;"B10";"benevolent";1;1;1555
"P128";10;"N06";"neutral";0;1;1302
"P128";11;"B04";"benevolent";1;1;2759
"P128";12;"B02";"benevolent";1;1;1829
"P128";13;"B08";"benevolent";1;1;1892
"P128";14;"B03";"benevolent";1;1;1583
"P128";15;"B09";"benevolent";1;1;1766
"P128";16;"N10";"neutral";1;0;2030
"P128";17;"N05";"neutral";0;1;1957
"P128";18;"N07";"neutral";0;1;1501
"P128";19;"N03";"neutral";1;0;1710
"P128";20;"B07";"benevolent";1;1;1709
"P129";1;"B06";"benevolent";1;1;2269
"P129";2;"N09";"neutral";0;1;3428
"P129";3;"B09";"benevolent";0;0;2014
"P129";4;"N08";"neutral";1;0;2455
"P129";5;"N03";"neutral";0;1;2356
"P129";6;"B02";"benevolent";1;1;2273
"P129";7;"N05";"neutral";0;1;2304
"P129";8;"B04";"benevolent";1;1;2296
"P129";9;"N06";"neutral";0;1;1579
"P129";10;"N10";"neutral";0;1;2757
"P129";11;"N01";"neutral";0;1;2186
"P129";12;"B03";"benevolent";1;1;2412
"P129";13;"N04";"neutral";0;1;2176
"P129";14;"N07";"neutral";0;1;2511
"P129";15;"B07";"benevolent";1;1;1789
"P129";16;"B05";"benevolent";1;1;2210
"P129";17;"B01";"benevolent";0;0;1670
"P129";18;"N02";"neutral";0;1;2321
"P129";19;"B08";"benevolent";1;1;2074
"P129";20;"B10";"benevolent";1;1;1492
"P130";1;"N04";"neutral";0;1;1605
"P130";2;"B08";"benevolent";0;0;1727
"P130";3;"N07";"neutral";0;1;2296
"P130";4;"B07";"benevolent";1;1;1560
"P130";5;"N06";"neutral";0;1;1591
"P130";6;"B09";"benevolent";1;1;2080
"P130";7;"B01";"benevolent";1;1;2199
"P130";8;"B06";"benevolent";1;1;1880
"P130";9;"N09";"neutral";0;1;1530
"P130";10;"B10";"benevolent";1;1;1518
"P130";11;"B04";"benevolent";1;1;1804
"P130";12;"N03";"neutral";0;1;1136
"P130";13;"N08";"neutral";0;1;1993
"P130";14;"N02";"neutral";1;0;1452
"P130";15;"B02";"benevolent";1;1;1451
"P130";16;"N01";"neutral";1;0;1734
"P130";17;"B03";"benevolent";1;1;1765
"P130";18;"N10";"neutral";1;0;2782
"P130";19;"B05";"benevolent";1;1;1887
"P130";20;"N05";"neutral";0;1;1976
"P131";1;"B03";"benevolent";1;1;1861
"P131";2;"B06";"benevolent";1;1;2148
"P131";3;"N07";"neutral";0;1;2136
"P131";4;"N04";"neutral";0;1;2783
"P131";5;"N02";"neutral";0;1;1926
"P131";6;"B05";"benevolent";1;1;2144
"P131";7;"N08";"neutral";0;1;1796
"P131";8;"B04";"benevolent";1;1;1635
"P131";9;"N10";"neutral";0;1;1748
"P131";10;"N01";"neutral";1;0;2516
"P131";11;"B08";"benevolent";1;1;1847
"P131";12;"B09";"benevolent";1;1;1720
"P131";13;"N09";"neutral";0;1;1530
"P131";14;"N05";"neutral";0;1;1421
"P131";15;"B02";"benevolent";1;1;1239
"P131";16;"B10";"benevolent";1;1;1883
"P131";17;"N06";"neutral";0;1;1554
"P131";18;"N03";"neutral";0;1;2315
"P131";19;"B01";"benevolent";1;1;1375
"P131";20;"B07";"benevolent";1;1;2909
"P132";1;"N09";"neutral";0;1;2569
"P132";2;"B04";"benevolent";1;1;1640
"P132";3;"B02";"benevolent";1;1;1592
"P132";4;"N07";"neutral";0;1;1673
"P132";5;"N04";"neutral";0;1;2164
"P132";6;"B01";"benevolent";1;1;2879
"P132";7;"B09";"benevolent";1;1;1944
"P132";8;"N08";"neutral";0;1;2532
"P132";9;"N10";"neutral";0;1;1682
"P132";10;"N06";"neutral";0;1;2732
"P132";11;"N03";"neutral";0;1;2096
"P132";12;"B05";"benevolent";1;1;1902
"P132";13;"N02";"neutral";0;1;1702
"P132";14;"B08";"benevolent";1;1;2148
"P132";15;"B06";"benevolent";1;1;1691
"P132";16;"N05";"neutral";0;1;1771
"P132";17;"N01";"neutral";0;1;2192
"P132";18;"B10";"benevolent";0;0;1942
"P132";19;"B07";"benevolent";1;1;1858
"P132";20;"B03";"benevolent";1;1;1786
"P133";1;"N02";"neutral";0;1;2884
"P133";2;"B09";"benevolent";1;1;2026
"P133";3;"N04";"neutral";0;1;1835
"P133";4;"B05";"benevolent";1;1;1716
"P133";5;"B04";"benevolent";1;1;1240
"P133";6;"B03";"benevolent";1;1;2068
"P133";7;"B08";"benevolent";1;1;1690
"P133";8;"N01";"neutral";0;1;2245
"P133";9;"N07";"neutral";0;1;2185
"P133";10;"B06";"benevolent";0;0;1500
"P133";11;"N09";"neutral";0;1;3169
"P133";12;"B07";"benevolent";1;1;2045
"P133";13;"N08";"neutral";0;1;2317
"P133";14;"B02";"benevolent";1;1;2153
"P133";15;"N05";"neutral";0;1;2493
"P133";16;"N06";"neutral";0;1;1658
"P133";17;"N03";"neutral";1;0;1460
"P133";18;"B01";"benevolent";1;1;1791
"P133";19;"B10";"benevolent";1;1;1794
"P133";20;"N10";"neutral";0;1;2473
"P134";1;"B10";"benevolent";1;1;1344
"P134";2;"B01";"benevolent";1;1;2152
"P134";3;"N10";"neutral";0;1;1847
"P134";4;"N07";"neutral";0;1;1875
"P134";5;"N05";"neutral";0;1;1921
"P134";6;"B02";"benevolent";1;1;2065
"P134";7;"B07";"benevolent";1;1;1777
"P134";8;"B08";"benevolent";0;0;1944
"P134";9;"B03";"benevolent";1;1;1673
"P134";10;"N04";"neutral";1;0;2168
"P134";11;"B05";"benevolent";1;1;1669
"P134";12;"N02";"neutral";0;1;1444
"P134";13;"B09";"benevolent";1;1;1131
"P134";14;"N06";"neutral";0;1;1787
"P134";15;"B06";"benevolent";1;1;2013
"P134";16;"N01";"neutral";1;0;2008
"P134";17;"N09";"neutral";0;1;2018
"P134";18;"B04";"benevolent";1;1;2052
"P134";19;"N08";"neutral";0;1;2049
"P134";20;"N03";"neutral";0;1;1487
"P135";1;"B06";"benevolent";0;0;1484
"P135";2;"N03";"neutral";0;1;2384
"P135";3;"B05";"benevolent";1;1;1415
"P135";4;"B09";"benevolent";1;1;2394
"P135";5;"N07";"neutral";0;1;2438
"P135";6;"B04";"benevolent";1;1;1970
"P135";7;"B03";"benevolent";1;1;1667
"P135";8;"B08";"benevolent";1;1;1920
"P135";9;"N08";"neutral";0;1;1991
"P135";10;"B07";"benevolent";1;1;1773
"P135";11;"B10";"benevolent";1;1;1760
"P135";12;"N02";"neutral";0;1;1817
"P135";13;"B02";"benevolent";1;1;1639
"P135";14;"N10";"neutral";0;1;2149
"P135";15;"B01";"benevolent";0;0;2115
"P135";16;"N01";"neutral";0;1;2122
"P135";17;"N05";"neutral";0;1;1426
"P135";18;"N09";"neutral";0;1;2898
"P135";19;"N06";"neutral";1;0;2161
"P135";20;"N04";"neutral";0;1;1730
"P136";1;"B10";"benevolent";1;1;1827
"P136";2;"N07";"neutral";1;0;2459
"P136";3;"N09";"neutral";0;1;1410
"P136";4;"B05";"benevolent";0;0;1742
"P136";5;"N08";"neutral";0;1;1641
"P136";6;"B07";"benevolent";1;1;2366
"P136";7;"B08";"benevolent";1;1;2247
"P136";8;"B03";"benevolent";1;1;1849
"P136";9;"N02";"neutral";0;1;1336
"P136";10;"N04";"neutral";0;1;2526
"P136";11;"N05";"neutral";0;1;1783
"P136";12;"N03";"neutral";0;1;2401
"P136";13;"B04";"benevolent";0;0;1597
"P136";14;"B06";"benevolent";1;1;1693
"P136";15;"B01";"benevolent";1;1;1398
"P136";16;"B02";"benevolent";1;1;2260
"P136";17;"N06";"neutral";1;0;2135
"P136";18;"N10";"neutral";0;1;2188
"P136";19;"N01";"neutral";1;0;2203
"P136";20;"B09";"benevolent";1;1;2044
"P137";1;"N06";"neutral";0;1;2153
"P137";2;"B01";"benevolent";1;1;2117
"P137";3;"N08";"neutral";0;1;2104
"P137";4;"B04";"benevolent";1;1;1333
"P137";5;"N02";"neutral";1;0;2380
"P137";6;"N04";"neutral";1;0;1917
"P137";7;"B02";"benevolent";1;1;1863
"P137";8;"N05";"neutral";1;0;1694
"P137";9;"B03";"benevolent";1;1;2790
"P137";10;"N07";"neutral";1;0;1477
"P137";11;"B07";"benevolent";0;0;1876
"P137";12;"B08";"benevolent";1;1;1860
"P137";13;"B10";"benevolent";1;1;1217
"P137";14;"N01";"neutral";0;1;1932
"P137";15;"N10";"neutral";0;1;1396
"P137";16;"B09";"benevolent";1;1;1198
"P137";17;"N03";"neutral";0;1;2851
"P137";18;"B05";"benevolent";1;1;1378
"P137";19;"B06";"benevolent";1;1;1620
"P137";20;"N09";"neutral";0;1;1380
"P138";1;"N08";"neutral";0;1;1688
"P138";2;"N04";"neutral";0;1;1851
"P138";3;"B01";"benevolent";0;0;2301
"P138";4;"B04";"benevolent";1;1;1291
"P138";5;"B06";"benevolent";1;1;1769
"P138";6;"N06";"neutral";0;1;1499
"P138";7;"B08";"benevolent";1;1;1815
"P138";8;"B10";"benevolent";1;1;1727
"P138";9;"N10";"neutral";0;1;2092
"P138";10;"B02";"benevolent";1;1;2184
"P138";11;"N03";"neutral";0;1;2176
"P138";12;"B03";"benevolent";1;1;1618
"P138";13;"N02";"neutral";0;1;1439
"P138";14;"B05";"benevolent";1;1;1335
"P138";15;"N07";"neutral";0;1;1244
"P138";16;"N05";"neutral";0;1;3747
"P138";17;"B07";"benevolent";1;1;1638
"P138";18;"N01";"neutral";1;0;2383
"P138";19;"N09";"neutral";0;1;2386
"P138";20;"B09";"benevolent";1;1;1511
"P139";1;"N05";"neutral";0;1;1940
"P139";2;"N09";"neutral";0;1;2340
"P139";3;"N02";"neutral";0;1;1544
"P139";4;"N08";"neutral";0;1;1986
"P139";5;"B01";"benevolent";1;1;2208
"P139";6;"B08";"benevolent";1;1;1767
"P139";7;"N04";"neutral";0;1;2091
"P139";8;"B10";"benevolent";1;1;1449
"P139";9;"N06";"neutral";0;1;1249
"P139";10;"N01";"neutral";0;1;2054
"P139";11;"B09";"benevolent";1;1;1982
"P139";12;"B06";"benevolent";0;0;2005
"P139";13;"B02";"benevolent";1;1;2546
"P139";14;"N07";"neutral";0;1;2572
"P139";15;"B04";"benevolent";0;0;2379
"P139";16;"B03";"benevolent";0;0;1851
"P139";17;"N10";"neutral";1;0;1555
"P139";18;"B07";"benevolent";1;1;1538
"P139";19;"N03";"neutral";0;1;1455
"P139";20;"B05";"benevolent";1;1;1244
"P140";1;"B10";"benevolent";1;1;1964
"P140";2;"B05";"benevolent";1;1;1829
"P140";3;"N01";"neutral";0;1;1797
"P140";4;"N03";"neutral";0;1;1452
"P140";5;"N06";"neutral";0;1;2601
"P140";6;"N07";"neutral";0;1;2470
"P140";7;"B01";"benevolent";0;0;2501
"P140";8;"B04";"benevolent";0;0;2028
"P140";9;"B08";"benevolent";1;1;2900
"P140";10;"N04";"neutral";0;1;1544
"P140";11;"B03";"benevolent";1;1;2565
"P140";12;"N10";"neutral";0;1;2584
"P140";13;"B06";"benevolent";1;1;2211
"P140";14;"N09";"neutral";0;1;1523
"P140";15;"N02";"neutral";0;1;2550
"P140";16;"B07";"benevolent";1;1;2327
"P140";17;"N05";"neutral";0;1;2008
"P140";18;"B09";"benevolent";1;1;1649
"P140";19;"N08";"neutral";0;1;2574
"P140";20;"B02";"benevolent";1;1;1640
"P141";1;"N04";"neutral";0;1;2210
"P141";2;"N02";"neutral";0;1;2283
"P141";3;"N01";"neutral";0;1;1335
"P141";4;"N10";"neutral";1;0;1802
"P141";5;"B01";"benevolent";1;1;1417
"P141";6;"B02";"benevolent";0;0;1581
"P141";7;"B05";"benevolent";0;0;1594
"P141";8;"N06";"neutral";1;0;2590
"P141";9;"N08";"neutral";1;0;2664
"P141";10;"B04";"benevolent";1;1;2362
"P141";11;"B03";"benevolent";1;1;2497
"P141";12;"B09";"benevolent";1;1;2187
"P141";13;"B07";"benevolent";1;1;1464
"P141";14;"N03";"neutral";1;0;2242
"P141";15;"N09";"neutral";0;1;2848
"P141";16;"B06";"benevolent";1;1;1739
"P141";17;"N07";"neutral";0;1;2188
"P141";18;"B08";"benevolent";0;0;2510
"P141";19;"B10";"benevolent";1;1;2215
"P141";20;"N05";"neutral";0;1;2012
"P142";1;"B03";"benevolent";1;1;2128
"P142";2;"B01";"benevolent";1;1;1496
"P142";3;"B09";"benevolent";1;1;1402
"P142";4;"B06";"benevolent";1;1;1828
"P142";5;"B04";"benevolent";1;1;1492
"P142";6;"B08";"benevolent";1;1;1742
"P142";7;"B05";"benevolent";0;0;2280
"P142";8;"N03";"neutral";1;0;2396
"P142";9;"N06";"neutral";0;1;2032
"P142";10;"N02";"neutral";1;0;2326
"P142";11;"N05";"neutral";0;1;1513
"P142";12;"B10";"benevolent";1;1;1558
"P142";13;"N10";"neutral";1;0;1937
"P142";14;"N07";"neutral";0;1;2004
"P142";15;"N01";"neutral";0;1;2701
"P142";16;"B07";"benevolent";1;1;1881
"P142";17;"N08";"neutral";1;0;2129
"P142";18;"N09";"neutral";0;1;1830
"P142";19;"B02";"benevolent";1;1;1282
"P142";20;"N04";"neutral";0;1;2180
"P143";1;"N04";"neutral";0;1;1770
"P143";2;"N09";"neutral";0;1;1445
"P143";3;"B05";"benevolent";1;1;1820
"P143";4;"N03";"neutral";0;1;2183
"P143";5;"N02";"neutral";0;1;2012
"P143";6;"B10";"benevolent";1;1;1671
"P143";7;"N08";"neutral";0;1;2939
"P143";8;"B09";"benevolent";1;1;2069
"P143";9;"N07";"neutral";0;1;2003
"P143";10;"B08";"benevolent";0;0;1795
"P143";11;"B03";"benevolent";1;1;1409
"P143";12;"B02";"benevolent";1;1;1729
"P143";13;"B07";"benevolent";1;1;2126
"P143";14;"B06";"benevolent";1;1;1834
"P143";15;"N01";"neutral";0;1;1654
"P143";16;"N10";"neutral";0;1;2333
"P143";17;"B01";"benevolent";1;1;1247
"P143";18;"N05";"neutral";1;0;1648
"P143";19;"B04";"benevolent";1;1;2020
"P143";20;"N06";"neutral";1;0;2069
"P144";1;"B04";"benevolent";1;1;2069
"P144";2;"B09";"benevolent";1;1;1936
"P144";3;"B08";"benevolent";1;1;1438
"P144";4;"N07";"neutral";0;1;1854
"P144";5;"B07";"benevolent";1;1;1588
"P144";6;"B10";"benevolent";1;1;1241
"P144";7;"B01";"benevolent";1;1;1008
"P144";8;"N03";"neutral";0;1;1710
"P144";9;"B03";"benevolent";1;1;1573
"P144";10;"N04";"neutral";0;1;1198
"P144";11;"N06";"neutral";0;1;1718
"P144";12;"N08";"neutral";1;0;2123
"P144";13;"N02";"neutral";0;1;1555
"P144";14;"N09";"neutral";0;1;2449
"P144";15;"B06";"benevolent";0;0;1796
"P144";16;"N05";"neutral";0;1;1361
"P144";17;"N01";"neutral";1;0;1833
"P144";18;"B05";"benevolent";0;0;1534
"P144";19;"N10";"neutral";1;0;1628
"P144";20;"B02";"benevolent";1;1;1292
"P145";1;"B10";"benevolent";1;1;2295
"P145";2;"B03";"benevolent";1;1;2040
"P145";3;"N02";"neutral";1;0;1977
"P145";4;"N08";"neutral";0;1;2100
"P145";5;"N09";"neutral";1;0;2455
"P145";6;"B01";"benevolent";1;1;2046
"P145";7;"N06";"neutral";0;1;1581
"P145";8;"B06";"benevolent";1;1;1819
"P145";9;"B07";"benevolent";1;1;1902
"P145";10;"B05";"benevolent";1;1;2223
"P145";11;"B04";"benevolent";1;1;2630
"P145";12;"N05";"neutral";1;0;1914
"P145";13;"N10";"neutral";0;1;2647
"P145";14;"B02";"benevolent";1;1;1689
"P145";15;"N04";"neutral";0;1;1670
"P145";16;"N07";"neutral";0;1;2506
"P145";17;"N03";"neutral";0;1;2668
"P145";18;"B09";"benevolent";1;1;2495
"P145";19;"B08";"benevolent";1;1;1836
"P145";20;"N01";"neutral";0;1;1939
"P146";1;"N10";"neutral";0;1;1624
"P146";2;"N02";"neutral";0;1;2995
"P146";3;"B10";"benevolent";1;1;2046
"P146";4;"B05";"benevolent";1;1;1579
"P146";5;"N01";"neutral";0;1;1982
"P146";6;"B07";"benevolent";0;0;1685
"P146";7;"B01";"benevolent";1;1;1838
"P146";8;"N06";"neutral";0;1;1834
"P146";9;"B08";"benevolent";0;0;1492
"P146";10;"N07";"neutral";0;1;2140
"P146";11;"B09";"benevolent";0;0;1854
"P146";12;"B06";"benevolent";1;1;1769
"P146";13;"N04";"neutral";0;1;2216
"P146";14;"N08";"neutral";0;1;1885
"P146";15;"B04";"benevolent";1;1;1864
"P146";16;"B03";"benevolent";1;1;2233
"P146";17;"B02";"benevolent";1;1;2084
"P146";18;"N09";"neutral";0;1;3065
"P146";19;"N03";"neutral";0;1;1745
"P146";20;"N05";"neutral";0;1;1907
"P147";1;"B02";"benevolent";1;1;1670
"P147";2;"N09";"neutral";0;1;2287
"P147";3;"N06";"neutral";0;1;1651
"P147";4;"N08";"neutral";0;1;2042
"P147";5;"B03";"benevolent";1;1;1960
"P147";6;"B01";"benevolent";1;1;2117
"P147";7;"N07";"neutral";0;1;2261
"P147";8;"N03";"neutral";0;1;1804
"P147";9;"B05";"benevolent";1;1;1680
"P147";10;"B07";"benevolent";1;1;1767
"P147";11;"N02";"neutral";0;1;2024
"P147";12;"B08";"benevolent";1;1;1414
"P147";13;"N01";"neutral";0;1;1494
"P147";14;"B09";"benevolent";1;1;1706
"P147";15;"N05";"neutral";0;1;2404
"P147";16;"B06";"benevolent";1;1;2630
"P147";17;"N10";"neutral";0;1;2692
"P147";18;"N04";"neutral";0;1;2180
"P147";19;"B10";"benevolent";1;1;1225
"P147";20;"B04";"benevolent";1;1;2097
"P148";1;"N02";"neutral";0;1;1392
"P148";2;"B07";"benevolent";1;1;1760
"P148";3;"B09";"benevolent";1;1;1912
"P148";4;"N08";"neutral";0;1;1683
"P148";5;"B03";"benevolent";1;1;1557
"P148";6;"N07";"neutral";0;1;1724
"P148";7;"N05";"neutral";1;0;1590
"P148";8;"B10";"benevolent";1;1;1244
"P148";9;"B04";"benevolent";1;1;1406
"P148";10;"N09";"neutral";1;0;1648
"P148";11;"B06";"benevolent";1;1;2266
"P148";12;"N04";"neutral";0;1;1305
"P148";13;"B05";"benevolent";1;1;1329
"P148";14;"N10";"neutral";0;1;2677
"P148";15;"B08";"benevolent";1;1;1497
"P148";16;"N01";"neutral";0;1;1211
"P148";17;"B02";"benevolent";1;1;1039
"P148";18;"N03";"neutral";1;0;1794
"P148";19;"B01";"benevolent";0;0;1386
"P148";20;"N06";"neutral";0;1;1879
"P149";1;"B07";"benevolent";1;1;1569
"P149";2;"N04";"neutral";0;1;1323
"P149";3;"B04";"benevolent";1;1;2866
"P149";4;"B06";"benevolent";1;1;1278
"P149";5;"N08";"neutral";1;0;2105
"P149";6;"N05";"neutral";1;0;2705
"P149";7;"B03";"benevolent";0;0;2318
"P149";8;"N06";"neutral";1;0;2135
"P149";9;"B08";"benevolent";0;0;2111
"P149";10;"B09";"benevolent";1;1;2586
"P149";11;"N09";"neutral";0;1;1588
"P149";12;"B10";"benevolent";1;1;1482
"P149";13;"B01";"benevolent";1;1;1725
"P149";14;"N01";"neutral";0;1;3187
"P149";15;"N10";"neutral";0;1;2613
"P149";16;"B05";"benevolent";1;1;2441
"P149";17;"B02";"benevolent";1;1;1918
"P149";18;"N03";"neutral";0;1;2312
"P149";19;"N02";"neutral";1;0;2373
"P149";20;"N07";"neutral";0;1;1669
"P150";1;"N05";"neutral";1;0;1519
"P150";2;"N02";"neutral";0;1;2134
"P150";3;"B07";"benevolent";0;0;2035
"P150";4;"N10";"neutral";1;0;1381
"P150";5;"B08";"benevolent";1;1;2631
"P150";6;"B01";"benevolent";1;1;1797
"P150";7;"N04";"neutral";0;1;2375
"P150";8;"B02";"benevolent";1;1;1822
"P150";9;"B03";"benevolent";1;1;2461
"P150";10;"B04";"benevolent";1;1;1216
"P150";11;"N07";"neutral";0;1;2885
"P150";12;"B06";"benevolent";1;1;1971
"P150";13;"B09";"benevolent";1;1;1327
"P150";14;"N01";"neutral";0;1;2850
"P150";15;"N03";"neutral";0;1;2044
"P150";16;"N06";"neutral";0;1;2064
"P150";17;"N08";"neutral";0;1;1645
"P150";18;"B10";"benevolent";1;1;2091
"P150";19;"N09";"neutral";0;1;1386
"P150";20;"B05";"benevolent";1;1;2721
"P151";1;"N04";"neutral";0;1;1856
"P151";2;"N07";"neutral";0;1;1827
"P151";3;"B06";"benevolent";1;1;1437
"P151";4;"B03";"benevolent";1;1;2147
"P151";5;"B02";"benevolent";1;1;1588
"P151";6;"N06";"neutral";0;1;2031
"P151";7;"B05";"benevolent";1;1;1494
"P151";8;"N02";"neutral";0;1;2096
"P151";9;"B09";"benevolent";1;1;1401
"P151";10;"B01";"benevolent";1;1;1901
"P151";11;"B04";"benevolent";1;1;2080
"P151";12;"N09";"neutral";0;1;2204
"P151";13;"N05";"neutral";0;1;2834
"P151";14;"B08";"benevolent";1;1;2036
"P151";15;"N08";"neutral";0;1;1690
"P151";16;"N01";"neutral";0;1;1698
"P151";17;"N10";"neutral";0;1;1698
"P151";18;"B07";"benevolent";1;1;2276
"P151";19;"N03";"neutral";1;0;1745
"P151";20;"B10";"benevolent";1;1;2045
"P152";1;"B03";"benevolent";1;1;2415
"P152";2;"N01";"neutral";0;1;2779
"P152";3;"B09";"benevolent";1;1;2219
"P152";4;"B02";"benevolent";0;0;2015
"P152";5;"B01";"benevolent";1;1;2631
"P152";6;"B08";"benevolent";1;1;2331
"P152";7;"N09";"neutral";0;1;2786
"P152";8;"N04";"neutral";0;1;2109
"P152";9;"N05";"neutral";0;1;2207
"P152";10;"N03";"neutral";0;1;2056
"P152";11;"N02";"neutral";0;1;2906
"P152";12;"N07";"neutral";0;1;2350
"P152";13;"N06";"neutral";0;1;2031
"P152";14;"N08";"neutral";0;1;3542
"P152";15;"B07";"benevolent";1;1;2063
"P152";16;"B06";"benevolent";1;1;2035
"P152";17;"B10";"benevolent";1;1;2708
"P152";18;"B05";"benevolent";1;1;1603
"P152";19;"N10";"neutral";0;1;1534
"P152";20;"B04";"benevolent";1;1;1496
"P153";1;"B03";"benevolent";1;1;1266
"P153";2;"B09";"benevolent";1;1;1743
"P153";3;"N10";"neutral";0;1;3327
"P153";4;"N02";"neutral";0;1;2605
"P153";5;"N04";"neutral";0;1;3165
"P153";6;"N08";"neutral";0;1;2413
"P153";7;"B04";"benevolent";1;1;1525
"P153";8;"B01";"benevolent";1;1;2089
"P153";9;"N05";"neutral";0;1;2044
"P153";10;"B10";"benevolent";1;1;1451
"P153";11;"N01";"neutral";0;1;2304
"P153";12;"N09";"neutral";0;1;2432
"P153";13;"B06";"benevolent";1;1;2884
"P153";14;"B07";"benevolent";1;1;2023
"P153";15;"B05";"benevolent";1;1;2251
"P153";16;"N03";"neutral";1;0;1887
"P153";17;"N07";"neutral";0;1;3159
"P153";18;"N06";"neutral";0;1;1649
"P153";19;"B08";"benevolent";1;1;2624
"P153";20;"B02";"benevolent";1;1;2212
"P154";1;"N05";"neutral";0;1;2409
"P154";2;"B09";"benevolent";1;1;2511
"P154";3;"B08";"benevolent";1;1;1755
"P154";4;"B10";"benevolent";1;1;2331
"P154";5;"B06";"benevolent";1;1;2458
"P154";6;"B02";"benevolent";0;0;2714
"P154";7;"N03";"neutral";0;1;3624
"P154";8;"N01";"neutral";0;1;2375
"P154";9;"N09";"neutral";0;1;2833
"P154";10;"B07";"benevolent";1;1;2341
"P154";11;"N08";"neutral";0;1;2225
"P154";12;"N02";"neutral";1;0;3399
"P154";13;"N07";"neutral";1;0;2581
"P154";14;"B04";"benevolent";1;1;2897
"P154";15;"B03";"benevolent";1;1;1633
"P154";16;"N10";"neutral";0;1;2952
"P154";17;"B05";"benevolent";1;1;3158
"P154";18;"N04";"neutral";0;1;2857
"P154";19;"B01";"benevolent";1;1;2375
"P154";20;"N06";"neutral";1;0;1560
"P155";1;"N05";"neutral";0;1;1497
"P155";2;"B07";"benevolent";1;1;2746
"P155";3;"N03";"neutral";0;1;1860
"P155";4;"B04";"benevolent";0;0;2476
"P155";5;"B06";"benevolent";0;0;1645
"P155";6;"B08";"benevolent";1;1;1869
"P155";7;"B10";"benevolent";1;1;2372
"P155";8;"N10";"neutral";0;1;2934
"P155";9;"N08";"neutral";0;1;1464
"P155";10;"N02";"neutral";0;1;1793
"P155";11;"B02";"benevolent";0;0;2503
"P155";12;"B05";"benevolent";1;1;1905
"P155";13;"N06";"neutral";0;1;2630
"P155";14;"B09";"benevolent";1;1;1760
"P155";15;"B03";"benevolent";1;1;2501
"P155";16;"N09";"neutral";0;1;2681
"P155";17;"B01";"benevolent";1;1;1605
"P155";18;"N04";"neutral";1;0;1997
"P155";19;"N01";"neutral";0;1;2523
"P155";20;"N07";"neutral";0;1;1869
"P156";1;"B03";"benevolent";1;1;2690
"P156";2;"N06";"neutral";0;1;1826
"P156";3;"N09";"neutral";0;1;2998
"P156";4;"B04";"benevolent";1;1;1795
"P156";5;"N02";"neutral";0;1;2176
"P156";6;"N01";"neutral";0;1;1597
"P156";7;"B05";"benevolent";1;1;1723
"P156";8;"B07";"benevolent";1;1;1545
"P156";9;"N07";"neutral";0;1;1737
"P156";10;"B08";"benevolent";1;1;2383
"P156";11;"N05";"neutral";0;1;2364
"P156";12;"N10";"neutral";0;1;2477
"P156";13;"N04";"neutral";0;1;1967
"P156";14;"B09";"benevolent";1;1;1190
"P156";15;"B06";"benevolent";0;0;2318
"P156";16;"N08";"neutral";0;1;2252
"P156";17;"B10";"benevolent";1;1;1820
"P156";18;"B02";"benevolent";1;1;2239
"P156";19;"B01";"benevolent";1;1;1822
"P156";20;"N03";"neutral";0;1;1763
"P157";1;"N07";"neutral";0;1;1918
"P157";2;"N05";"neutral";0;1;2033
"P157";3;"B02";"benevolent";1;1;1361
"P157";4;"N04";"neutral";0;1;1583
"P157";5;"B06";"benevolent";1;1;2504
"P157";6;"B04";"benevolent";1;1;2450
"P157";7;"N10";"neutral";0;1;2448
"P157";8;"N02";"neutral";0;1;1856
"P157";9;"B07";"benevolent";1;1;1454
"P157";10;"B08";"benevolent";0;0;1282
"P157";11;"B09";"benevolent";1;1;2329
"P157";12;"N06";"neutral";0;1;2189
"P157";13;"N01";"neutral";0;1;2158
"P157";14;"N09";"neutral";0;1;2652
"P157";15;"B05";"benevolent";1;1;2032
"P157";16;"B10";"benevolent";1;1;1789
"P157";17;"B01";"benevolent";1;1;2664
"P157";18;"N03";"neutral";0;1;1885
"P157";19;"N08";"neutral";0;1;1832
"P157";20;"B03";"benevolent";1;1;1916
"P158";1;"N01";"neutral";1;0;1749
"P158";2;"B01";"benevolent";1;1;2048
"P158";3;"B10";"benevolent";1;1;2134
"P158";4;"B05";"benevolent";1;1;1998
"P158";5;"B06";"benevolent";1;1;1844
"P158";6;"N07";"neutral";0;1;2867
"P158";7;"B04";"benevolent";1;1;1548
"P158";8;"N08";"neutral";0;1;1792
"P158";9;"B03";"benevolent";1;1;2290
"P158";10;"N09";"neutral";0;1;3547
"P158";11;"N06";"neutral";0;1;2908
"P158";12;"N03";"neutral";0;1;1952
"P158";13;"B09";"benevolent";1;1;2531
"P158";14;"N02";"neutral";1;0;1787
"P158";15;"N05";"neutral";0;1;2731
"P158";16;"B07";"benevolent";1;1;1478
"P158";17;"B08";"benevolent";1;1;1789
"P158";18;"N10";"neutral";0;1;2583
"P158";19;"B02";"benevolent";1;1;1614
"P158";20;"N04";"neutral";0;1;2265
"P159";1;"N02";"neutral";0;1;1721
"P159";2;"B01";"benevolent";0;0;2129
"P159";3;"N03";"neutral";1;0;1680
"P159";4;"B07";"benevolent";0;0;1722
"P159";5;"N01";"neutral";0;1;1257
"P159";6;"N08";"neutral";0;1;993
"P159";7;"N04";"neutral";0;1;1611
"P159";8;"B08";"benevolent";0;0;1842
"P159";9;"N09";"neutral";0;1;2240
"P159";10;"N10";"neutral";0;1;1973
"P159";11;"B05";"benevolent";1;1;1595
"P159";12;"N06";"neutral";0;1;1142
"P159";13;"B06";"benevolent";1;1;1988
"P159";14;"N05";"neutral";0;1;1702
"P159";15;"N07";"neutral";0;1;2572
"P159";16;"B02";"benevolent";1;1;1695
"P159";17;"B09";"benevolent";1;1;1051
"P159";18;"B04";"benevolent";1;1;1469
"P159";19;"B10";"benevolent";1;1;1844
"P159";20;"B03";"benevolent";1;1;1328
"P160";1;"N06";"neutral";1;0;1802
"P160";2;"B03";"benevolent";0;0;1367
"P160";3;"B04";"benevolent";1;1;3140
"P160";4;"N05";"neutral";0;1;1847
"P160";5;"B06";"benevolent";1;1;2088
"P160";6;"B10";"benevolent";1;1;1674
"P160";7;"B05";"benevolent";1;1;2457
"P160";8;"N10";"neutral";0;1;2626
"P160";9;"B07";"benevolent";1;1;2581
"P160";10;"N08";"neutral";0;1;2410
"P160";11;"N04";"neutral";0;1;2519
"P160";12;"B02";"benevolent";0;0;2346
"P160";13;"B01";"benevolent";1;1;1310
"P160";14;"B09";"benevolent";1;1;2062
"P160";15;"B08";"benevolent";1;1;2125
"P160";16;"N01";"neutral";0;1;1801
"P160";17;"N03";"neutral";0;1;1704
"P160";18;"N07";"neutral";0;1;2538
"P160";19;"N09";"neutral";0;1;2869
"P160";20;"N02";"neutral";0;1;2241
"P161";1;"N08";"neutral";0;1;2186
"P161";2;"N09";"neutral";0;1;3907
"P161";3;"N02";"neutral";0;1;1644
"P161";4;"B01";"benevolent";1;1;2286
"P161";5;"B02";"benevolent";1;1;1865
"P161";6;"B07";"benevolent";1;1;1015
"P161";7;"N07";"neutral";0;1;1998
"P161";8;"N06";"neutral";0;1;1958
"P161";9;"N10";"neutral";0;1;2688
"P161";10;"B08";"benevolent";1;1;2010
"P161";11;"B09";"benevolent";1;1;1463
"P161";12;"N03";"neutral";0;1;1546
"P161";13;"B04";"benevolent";0;0;2333
"P161";14;"B10";"benevolent";1;1;2289
"P161";15;"B03";"benevolent";1;1;2448
"P161";16;"N04";"neutral";0;1;1887
"P161";17;"B05";"benevolent";1;1;2151
"P161";18;"B06";"benevolent";0;0;1587
"P161";19;"N05";"neutral";0;1;2092
"P161";20;"N01";"neutral";0;1;2622
"P162";1;"N09";"neutral";1;0;1721
"P162";2;"N10";"neutral";0;1;1841
"P162";3;"B01";"benevolent";1;1;1518
"P162";4;"N03";"neutral";0;1;2459
"P162";5;"B03";"benevolent";1;1;1852
"P162";6;"N06";"neutral";0;1;2076
"P162";7;"N02";"neutral";0;1;1990
"P162";8;"B07";"benevolent";0;0;1774
"P162";9;"B06";"benevolent";1;1;1408
"P162";10;"B10";"benevolent";1;1;1097
"P162";11;"N01";"neutral";0;1;1443
"P162";12;"N04";"neutral";0;1;2117
"P162";13;"N07";"neutral";0;1;1739
"P162";14;"B04";"benevolent";0;0;997
"P162";15;"B08";"benevolent";1;1;1693
"P162";16;"B09";"benevolent";1;1;1417
"P162";17;"B02";"benevolent";0;0;1622
"P162";18;"N08";"neutral";1;0;2408
"P162";19;"N05";"neutral";0;1;1532
"P162";20;"B05";"benevolent";1;1;1282
"P163";1;"B05";"benevolent";1;1;2596
"P163";2;"B08";"benevolent";1;1;2127
"P163";3;"B01";"benevolent";1;1;1497
"P163";4;"B09";"benevolent";0;0;1999
"P163";5;"N02";"neutral";0;1;1773
"P163";6;"N05";"neutral";1;0;2703
"P163";7;"N08";"neutral";0;1;2700
"P163";8;"B06";"benevolent";1;1;2669
"P163";9;"B02";"benevolent";1;1;2701
"P163";10;"B03";"benevolent";1;1;3518
"P163";11;"N03";"neutral";0;1;1768
"P163";12;"N10";"neutral";1;0;2462
"P163";13;"N01";"neutral";0;1;1655
"P163";14;"N09";"neutral";0;1;2284
"P163";15;"N07";"neutral";1;0;2165
"P163";16;"B04";"benevolent";0;0;2720
"P163";17;"B07";"benevolent";1;1;3051
"P163";18;"B10";"benevolent";1;1;1899
"P163";19;"N04";"neutral";0;1;1727
"P163";20;"N06";"neutral";0;1;2607
"P164";1;"N02";"neutral";0;1;1778
"P164";2;"B01";"benevolent";0;0;1738
"P164";3;"N04";"neutral";1;0;1771
"P164";4;"B07";"benevolent";0;0;1512
"P164";5;"B02";"benevolent";1;1;2535
"P164";6;"B04";"benevolent";1;1;1683
"P164";7;"N03";"neutral";1;0;2771
"P164";8;"B09";"benevolent";1;1;1535
"P164";9;"B05";"benevolent";1;1;1391
"P164";10;"N08";"neutral";1;0;1810
"P164";11;"B03";"benevolent";1;1;1509
"P164";12;"N05";"neutral";1;0;1887
"P164";13;"N09";"neutral";0;1;1884
"P164";14;"N07";"neutral";0;1;2089
"P164";15;"N06";"neutral";1;0;1670
"P164";16;"N10";"neutral";0;1;1348
"P164";17;"B10";"benevolent";1;1;1591
"P164";18;"B08";"benevolent";1;1;1526
"P164";19;"B06";"benevolent";0;0;1613
"P164";20;"N01";"neutral";0;1;2008
"P165";1;"N07";"neutral";1;0;1971
"P165";2;"B03";"benevolent";1;1;1916
"P165";3;"N04";"neutral";0;1;2074
"P165";4;"N01";"neutral";1;0;2728
"P165";5;"B01";"benevolent";1;1;2136
"P165";6;"B02";"benevolent";1;1;1782
"P165";7;"N02";"neutral";1;0;2924
"P165";8;"B08";"benevolent";1;1;1458
"P165";9;"B10";"benevolent";1;1;2051
"P165";10;"N08";"neutral";1;0;1461
"P165";11;"N05";"neutral";0;1;1838
"P165";12;"B04";"benevolent";1;1;1728
"P165";13;"B06";"benevolent";0;0;2134
"P165";14;"N09";"neutral";0;1;2057
"P165";15;"N10";"neutral";0;1;1373
"P165";16;"B05";"benevolent";1;1;1723
"P165";17;"N06";"neutral";0;1;1317
"P165";18;"B07";"benevolent";1;1;1388
"P165";19;"N03";"neutral";1;0;1393
"P165";20;"B09";"benevolent";1;1;1436
"P166";1;"N10";"neutral";0;1;2224
"P166";2;"B06";"benevolent";1;1;1909
"P166";3;"B09";"benevolent";1;1;1657
"P166";4;"N08";"neutral";1;0;2995
"P166";5;"B10";"benevolent";1;1;2535
"P166";6;"N02";"neutral";0;1;2302
"P166";7;"N03";"neutral";0;1;1989
"P166";8;"B03";"benevolent";1;1;1382
"P166";9;"N05";"neutral";0;1;2879
"P166";10;"N01";"neutral";0;1;2151
"P166";11;"N07";"neutral";0;1;1937
"P166";12;"N04";"neutral";0;1;1876
"P166";13;"B08";"benevolent";0;0;1593
"P166";14;"B01";"benevolent";1;1;2236
"P166";15;"B07";"benevolent";1;1;2223
"P166";16;"B02";"benevolent";1;1;1940
"P166";17;"N06";"neutral";0;1;2313
"P166";18;"B04";"benevolent";1;1;1120
"P166";19;"B05";"benevolent";1;1;2737
"P166";20;"N09";"neutral";0;1;1957
"P167";1;"N06";"neutral";0;1;1863
"P167";2;"N04";"neutral";1;0;3139
"P167";3;"N05";"neutral";1;0;1377
"P167";4;"B07";"benevolent";1;1;1148
"P167";5;"B01";"benevolent";1;1;1144
"P167";6;"N02";"neutral";0;1;1731
"P167";7;"N07";"neutral";0;1;1823
"P167";8;"N08";"neutral";1;0;1665
"P167";9;"N10";"neutral";0;1;1880
"P167";10;"N01";"neutral";0;1;2208
"P167";11;"B03";"benevolent";0;0;1888
"P167";12;"B05";"benevolent";1;1;1364
"P167";13;"B02";"benevolent";1;1;1632
"P167";14;"B04";"benevolent";1;1;1832
"P167";15;"B10";"benevolent";0;0;1521
"P167";16;"B09";"benevolent";1;1;1415
"P167";17;"B06";"benevolent";1;1;1374
"P167";18;"N03";"neutral";0;1;1486
"P167";19;"B08";"benevolent";0;0;1975
"P167";20;"N09";"neutral";0;1;2091
"P168";1;"B02";"benevolent";1;1;2078
"P168";2;"N09";"neutral";1;0;2093
"P168";3;"N02";"neutral";0;1;2746
"P168";4;"B04";"benevolent";1;1;2339
"P168";5;"B01";"benevolent";1;1;1752
"P168";6;"B03";"benevolent";1;1;1717
"P168";7;"N10";"neutral";0;1;2879
"P168";8;"N03";"neutral";0;1;1860
"P168";9;"N07";"neutral";0;1;3328
"P168";10;"B08";"benevolent";1;1;1851
"P168";11;"N01";"neutral";0;1;2200
"P168";12;"B10";"benevolent";1;1;2490
"P168";13;"B05";"benevolent";1;1;1963
"P168";14;"N06";"neutral";0;1;2092
"P168";15;"N05";"neutral";0;1;2335
"P168";16;"B06";"benevolent";0;0;2395
"P168";17;"N08";"neutral";0;1;2120
"P168";18;"N04";"neutral";0;1;2318
"P168";19;"B07";"benevolent";1;1;3716
"P168";20;"B09";"benevolent";1;1;1920
"P169";1;"N01";"neutral";0;1;2102
"P169";2;"B04";"benevolent";1;1;1516
"P169";3;"N07";"neutral";0;1;2375
"P169";4;"N06";"neutral";0;1;1998
"P169";5;"B07";"benevolent";0;0;2409
"P169";6;"B02";"benevolent";0;0;2729
"P169";7;"B06";"benevolent";1;1;1674
"P169";8;"N10";"neutral";0;1;2916
"P169";9;"B09";"benevolent";1;1;1809
"P169";10;"N08";"neutral";0;1;2482
"P169";11;"B05";"benevolent";1;1;1826
"P169";12;"N05";"neutral";0;1;2586
"P169";13;"B01";"benevolent";1;1;1646
"P169";14;"N02";"neutral";0;1;2077
"P169";15;"B10";"benevolent";1;1;1671
"P169";16;"N03";"neutral";0;1;2327
"P169";17;"N09";"neutral";1;0;1684
"P169";18;"B08";"benevolent";1;1;2565
"P169";19;"B03";"benevolent";1;1;1516
"P169";20;"N04";"neutral";1;0;2055
"P170";1;"B03";"benevolent";0;0;1987
"P170";2;"N05";"neutral";1;0;2014
"P170";3;"N04";"neutral";0;1;1867
"P170";4;"N08";"neutral";0;1;2635
"P170";5;"N06";"neutral";0;1;2489
"P170";6;"B05";"benevolent";1;1;1498
"P170";7;"N10";"neutral";0;1;1575
"P170";8;"N07";"neutral";0;1;2895
"P170";9;"N09";"neutral";0;1;1733
"P170";10;"N03";"neutral";0;1;2173
"P170";11;"B09";"benevolent";1;1;2115
"P170";12;"B06";"benevolent";1;1;1785
"P170";13;"B08";"benevolent";0;0;1382
"P170";14;"B01";"benevolent";0;0;2338
"P170";15;"B02";"benevolent";1;1;2937
"P170";16;"B04";"benevolent";1;1;1315
"P170";17;"B10";"benevolent";1;1;1976
"P170";18;"B07";"benevolent";1;1;2568
"P170";19;"N02";"neutral";0;1;2044
"P170";20;"N01";"neutral";0;1;2528
"P171";1;"B10";"benevolent";1;1;1704
"P171";2;"B09";"benevolent";1;1;1592
"P171";3;"N04";"neutral";0;1;1386
"P171";4;"N05";"neutral";0;1;1836
"P171";5;"N07";"neutral";0;1;1549
"P171";6;"N10";"neutral";0;1;2483
"P171";7;"B01";"benevolent";1;1;1987
"P171";8;"B04";"benevolent";1;1;2202
"P171";9;"B07";"benevolent";1;1;1589
"P171";10;"N03";"neutral";0;1;1964
"P171";11;"N08";"neutral";1;0;1859
"P171";12;"N02";"neutral";0;1;2526
"P171";13;"N06";"neutral";1;0;1929
"P171";14;"B06";"benevolent";0;0;1442
"P171";15;"B03";"benevolent";0;0;1847
"P171";16;"B08";"benevolent";1;1;1408
"P171";17;"B05";"benevolent";1;1;2279
"P171";18;"B02";"benevolent";1;1;2128
"P171";19;"N01";"neutral";0;1;2314
"P171";20;"N09";"neutral";0;1;2319
"P172";1;"B08";"benevolent";1;1;1882
"P172";2;"N03";"neutral";0;1;1656
"P172";3;"B04";"benevolent";1;1;2298
"P172";4;"N08";"neutral";0;1;1485
"P172";5;"N05";"neutral";0;1;2396
"P172";6;"B10";"benevolent";1;1;1972
"P172";7;"B05";"benevolent";1;1;1815
"P172";8;"N10";"neutral";1;0;2184
"P172";9;"N09";"neutral";0;1;1953
"P172";10;"N06";"neutral";0;1;1937
"P172";11;"N01";"neutral";0;1;1805
"P172";12;"B07";"benevolent";1;1;2382
"P172";13;"B03";"benevolent";0;0;2206
"P172";14;"B09";"benevolent";1;1;2165
"P172";15;"N02";"neutral";0;1;1704
"P172";16;"N04";"neutral";0;1;2826
"P172";17;"B06";"benevolent";1;1;2030
"P172";18;"B02";"benevolent";1;1;2181
"P172";19;"B01";"benevolent";1;1;1693
"P172";20;"N07";"neutral";0;1;1561
"P173";1;"B01";"benevolent";0;0;1934
"P173";2;"N07";"neutral";0;1;1677
"P173";3;"B10";"benevolent";0;0;2829
"P173";4;"N08";"neutral";0;1;2939
"P173";5;"N03";"neutral";1;0;2341
"P173";6;"B04";"benevolent";1;1;2418
"P173";7;"N02";"neutral";0;1;2603
"P173";8;"N06";"neutral";0;1;1895
"P173";9;"B07";"benevolent";1;1;2046
"P173";10;"B08";"benevolent";1;1;1655
"P173";11;"N05";"neutral";0;1;1067
"P173";12;"B09";"benevolent";1;1;1453
"P173";13;"N04";"neutral";0;1;3301
"P173";14;"N01";"neutral";0;1;1747
"P173";15;"N09";"neutral";0;1;2670
"P173";16;"B03";"benevolent";1;1;2394
"P173";17;"B05";"benevolent";0;0;2286
"P173";18;"B02";"benevolent";1;1;2347
"P173";19;"N10";"neutral";0;1;2158
"P173";20;"B06";"benevolent";1;1;2494
"P174";1;"N07";"neutral";0;1;1575
"P174";2;"B10";"benevolent";1;1;1887
"P174";3;"N03";"neutral";0;1;2173
"P174";4;"B08";"benevolent";1;1;2976
"P174";5;"N02";"neutral";0;1;1746
"P174";6;"N10";"neutral";1;0;1943
"P174";7;"B03";"benevolent";1;1;1776
"P174";8;"B04";"benevolent";0;0;1476
"P174";9;"N01";"neutral";0;1;2364
"P174";10;"B05";"benevolent";1;1;2166
"P174";11;"N08";"neutral";0;1;3042
"P174";12;"B06";"benevolent";0;0;1703
"P174";13;"B02";"benevolent";0;0;2082
"P174";14;"N06";"neutral";0;1;1907
"P174";15;"B01";"benevolent";1;1;2067
"P174";16;"N09";"neutral";1;0;2388
"P174";17;"N04";"neutral";0;1;2513
"P174";18;"B07";"benevolent";1;1;1140
"P174";19;"B09";"benevolent";1;1;1385
"P174";20;"N05";"neutral";0;1;3166
"P175";1;"N07";"neutral";0;1;2421
"P175";2;"N01";"neutral";0;1;2002
"P175";3;"B02";"benevolent";1;1;2119
"P175";4;"B05";"benevolent";1;1;1845
"P175";5;"B01";"benevolent";1;1;1571
"P175";6;"N04";"neutral";0;1;2344
"P175";7;"B06";"benevolent";1;1;2526
"P175";8;"B03";"benevolent";1;1;2472
"P175";9;"N03";"neutral";1;0;2126
"P175";10;"N08";"neutral";0;1;1923
"P175";11;"B10";"benevolent";0;0;2243
"P175";12;"N09";"neutral";0;1;1401
"P175";13;"N06";"neutral";0;1;2692
"P175";14;"B08";"benevolent";1;1;1647
"P175";15;"N02";"neutral";0;1;2178
"P175";16;"B09";"benevolent";1;1;1987
"P175";17;"N10";"neutral";0;1;2080
"P175";18;"B04";"benevolent";0;0;2988
"P175";19;"B07";"benevolent";0;0;2067
"P175";20;"N05";"neutral";1;0;2124
"P176";1;"N05";"neutral";0;1;1436
"P176";2;"N02";"neutral";0;1;1999
"P176";3;"N07";"neutral";0;1;1569
"P176";4;"B08";"benevolent";1;1;2475
"P176";5;"N01";"neutral";0;1;1947
"P176";6;"N04";"neutral";0;1;1646
"P176";7;"N08";"neutral";0;1;1900
"P176";8;"N06";"neutral";1;0;2309
"P176";9;"N09";"neutral";0;1;2074
"P176";10;"B05";"benevolent";1;1;2117
"P176";11;"B06";"benevolent";1;1;1523
"P176";12;"B07";"benevolent";1;1;2452
"P176";13;"B04";"benevolent";1;1;1642
"P176";14;"B03";"benevolent";1;1;1377
"P176";15;"B02";"benevolent";1;1;1374
"P176";16;"B10";"benevolent";1;1;2275
"P176";17;"N10";"neutral";1;0;1150
"P176";18;"B09";"benevolent";1;1;1898
"P176";19;"B01";"benevolent";1;1;1941
"P176";20;"N03";"neutral";0;1;1370
"P177";1;"N07";"neutral";0;1;2508
"P177";2;"N10";"neutral";0;1;1426
"P177";3;"B03";"benevolent";1;1;1998
"P177";4;"N01";"neutral";0;1;2243
"P177";5;"B06";"benevolent";1;1;1435
"P177";6;"B10";"benevolent";1;1;2394
"P177";7;"B04";"benevolent";1;1;1424
"P177";8;"N02";"neutral";0;1;2977
"P177";9;"N04";"neutral";0;1;1926
"P177";10;"N08";"neutral";1;0;1489
"P177";11;"B09";"benevolent";1;1;2787
"P177";12;"N06";"neutral";0;1;2096
"P177";13;"B08";"benevolent";1;1;1895
"P177";14;"B05";"benevolent";0;0;1930
"P177";15;"N05";"neutral";1;0;1407
"P177";16;"N03";"neutral";0;1;1998
"P177";17;"B02";"benevolent";1;1;1303
"P177";18;"B01";"benevolent";0;0;1299
"P177";19;"N09";"neutral";0;1;3328
"P177";20;"B07";"benevolent";1;1;2945
"P178";1;"B09";"benevolent";0;0;1780
"P178";2;"N09";"neutral";0;1;2507
"P178";3;"N02";"neutral";0;1;1626
"P178";4;"N07";"neutral";0;1;1793
"P178";5;"N05";"neutral";0;1;2261
"P178";6;"B04";"benevolent";1;1;1671
"P178";7;"B01";"benevolent";0;0;1602
"P178";8;"N08";"neutral";0;1;982
"P178";9;"B08";"benevolent";1;1;1596
"P178";10;"B05";"benevolent";1;1;1490
"P178";11;"B02";"benevolent";1;1;1803
"P178";12;"B10";"benevolent";0;0;1661
"P178";13;"N01";"neutral";0;1;1667
"P178";14;"B06";"benevolent";0;0;1372
"P178";15;"N06";"neutral";1;0;1881
"P178";16;"B07";"benevolent";1;1;1848
"P178";17;"N10";"neutral";0;1;2306
"P178";18;"N03";"neutral";0;1;2147
"P178";19;"N04";"neutral";0;1;1700
"P178";20;"B03";"benevolent";1;1;1374
"P179";1;"B08";"benevolent";1;1;1929
"P179";2;"N01";"neutral";0;1;1888
"P179";3;"B05";"benevolent";1;1;2045
"P179";4;"N05";"neutral";1;0;2397
"P179";5;"N10";"neutral";0;1;1925
"P179";6;"B06";"benevolent";0;0;2138
"P179";7;"B10";"benevolent";1;1;1367
"P179";8;"N03";"neutral";1;0;2176
"P179";9;"N02";"neutral";1;0;2451
"P179";10;"B01";"benevolent";1;1;1870
"P179";11;"N07";"neutral";0;1;1551
"P179";12;"N09";"neutral";0;1;1809
"P179";13;"B04";"benevolent";1;1;2204
"P179";14;"B09";"benevolent";1;1;1836
"P179";15;"B07";"benevolent";1;1;1667
"P179";16;"B02";"benevolent";0;0;1649
"P179";17;"N08";"neutral";1;0;2722
"P179";18;"N04";"neutral";0;1;1655
"P179";19;"B03";"benevolent";0;0;1597
"P179";20;"N06";"neutral";0;1;2893
"P180";1;"B05";"benevolent";1;1;1471
"P180";2;"B09";"benevolent";0;0;1192
"P180";3;"B02";"benevolent";0;0;1519
"P180";4;"N02";"neutral";1;0;2185
"P180";5;"N01";"neutral";1;0;1871
"P180";6;"B07";"benevolent";1;1;2997
"P180";7;"N05";"neutral";1;0;1755
"P180";8;"N07";"neutral";0;1;2579
"P180";9;"B04";"benevolent";1;1;2727
"P180";10;"N09";"neutral";1;0;2404
"P180";11;"B01";"benevolent";0;0;1613
"P180";12;"N10";"neutral";1;0;1231
"P180";13;"N06";"neutral";0;1;2359
"P180";14;"N04";"neutral";0;1;2884
"P180";15;"N08";"neutral";0;1;1793
"P180";16;"B06";"benevolent";1;1;2223
"P180";17;"B03";"benevolent";1;1;2005
"P180";18;"B10";"benevolent";1;1;1608
"P180";19;"N03";"neutral";0;1;3382
"P180";20;"B08";"benevolent";0;0;1855
"P181";1;"N04";"neutral";1;0;2448
"P181";2;"B01";"benevolent";1;1;1386
"P181";3;"B09";"benevolent";1;1;1972
"P181";4;"B05";"benevolent";1;1;1708
"P181";5;"N05";"neutral";0;1;3270
"P181";6;"N10";"neutral";0;1;2183
"P181";7;"N03";"neutral";0;1;2235
"P181";8;"N07";"neutral";0;1;2130
"P181";9;"B07";"benevolent";1;1;1997
"P181";10;"B10";"benevolent";1;1;2080
"P181";11;"B08";"benevolent";1;1;2034
"P181";12;"N06";"neutral";0;1;2188
"P181";13;"N09";"neutral";0;1;1726
"P181";14;"N01";"neutral";0;1;2000
"P181";15;"B06";"benevolent";1;1;1299
"P181";16;"B02";"benevolent";1;1;1707
"P181";17;"B03";"benevolent";1;1;1441
"P181";18;"B04";"benevolent";1;1;2408
"P181";19;"N08";"neutral";0;1;2188
"P181";20;"N02";"neutral";0;1;2470
"P182";1;"N01";"neutral";0;1;2173
"P182";2;"N03";"neutral";0;1;1671
"P182";3;"N09";"neutral";0;1;1751
"P182";4;"N10";"neutral";0;1;2045
"P182";5;"B08";"benevolent";1;1;2615
"P182";6;"N05";"neutral";0;1;1473
"P182";7;"B09";"benevolent";1;1;1485
"P182";8;"B02";"benevolent";1;1;1251
"P182";9;"B06";"benevolent";1;1;1282
"P182";10;"N02";"neutral";0;1;1205
"P182";11;"B04";"benevolent";1;1;1989
"P182";12;"B01";"benevolent";1;1;1833
"P182";13;"B07";"benevolent";0;0;2409
"P182";14;"B10";"benevolent";1;1;1974
"P182";15;"B05";"benevolent";0;0;1588
"P182";16;"N08";"neutral";1;0;1412
"P182";17;"N06";"neutral";0;1;1514
"P182";18;"N07";"neutral";1;0;1776
"P182";19;"B03";"benevolent";0;0;1528
"P182";20;"N04";"neutral";0;1;1714
"P183";1;"B10";"benevolent";1;1;1957
"P183";2;"B01";"benevolent";1;1;1629
"P183";3;"B09";"benevolent";1;1;2506
"P183";4;"B06";"benevolent";0;0;1647
"P183";5;"N08";"neutral";0;1;2789
"P183";6;"N09";"neutral";0;1;1774
"P183";7;"B04";"benevolent";1;1;1836
"P183";8;"B05";"benevolent";1;1;2025
"P183";9;"B08";"benevolent";0;0;1720
"P183";10;"N03";"neutral";0;1;2142
"P183";11;"B02";"benevolent";1;1;2051
"P183";12;"N02";"neutral";0;1;1625
"P183";13;"B07";"benevolent";1;1;1337
"P183";14;"B03";"benevolent";1;1;2336
"P183";15;"N07";"neutral";0;1;2017
"P183";16;"N10";"neutral";1;0;2305
"P183";17;"N06";"neutral";0;1;1835
"P183";18;"N01";"neutral";1;0;2366
"P183";19;"N05";"neutral";0;1;2606
"P183";20;"N04";"neutral";1;0;2577
"P184";1;"N02";"neutral";0;1;1440
"P184";2;"B10";"benevolent";0;0;1266
"P184";3;"N10";"neutral";0;1;2249
"P184";4;"B07";"benevolent";1;1;2729
"P184";5;"B08";"benevolent";1;1;1671
"P184";6;"B01";"benevolent";1;1;2109
"P184";7;"N08";"neutral";0;1;2784
"P184";8;"N03";"neutral";1;0;3137
"P184";9;"B09";"benevolent";1;1;1614
"P184";10;"B02";"benevolent";1;1;2718
"P184";11;"B03";"benevolent";0;0;2155
"P184";12;"N05";"neutral";0;1;2451
"P184";13;"B06";"benevolent";1;1;1891
"P184";14;"B05";"benevolent";1;1;2099
"P184";15;"N07";"neutral";0;1;2837
"P184";16;"N04";"neutral";0;1;1982
"P184";17;"N01";"neutral";1;0;2051
"P184";18;"B04";"benevolent";0;0;1929
"P184";19;"N06";"neutral";1;0;1724
"P184";20;"N09";"neutral";1;0;1736
"P185";1;"N05";"neutral";0;1;2160
"P185";2;"N10";"neutral";0;1;1748
"P185";3;"N08";"neutral";1;0;1951
"P185";4;"N02";"neutral";0;1;2298
"P185";5;"B08";"benevolent";0;0;1380
"P185";6;"B10";"benevolent";1;1;2075
"P185";7;"B05";"benevolent";0;0;1346
"P185";8;"B09";"benevolent";1;1;2053
"P185";9;"B03";"benevolent";0;0;2106
"P185";10;"N01";"neutral";0;1;1836
"P185";11;"B01";"benevolent";1;1;1742
"P185";12;"N04";"neutral";0;1;2085
"P185";13;"B06";"benevolent";0;0;1946
"P185";14;"B07";"benevolent";1;1;1789
"P185";15;"B04";"benevolent";1;1;1567
"P185";16;"N07";"neutral";0;1;1571
"P185";17;"N06";"neutral";0;1;2612
"P185";18;"N03";"neutral";0;1;1931
"P185";19;"N09";"neutral";1;0;3876
"P185";20;"B02";"benevolent";0;0;2650
"P186";1;"N09";"neutral";0;1;2379
"P186";2;"B10";"benevolent";0;0;1890
"P186";3;"B05";"benevolent";1;1;1950
"P186";4;"N07";"neutral";0;1;2728
"P186";5;"B01";"benevolent";1;1;1769
"P186";6;"N02";"neutral";0;1;2332
"P186";7;"N01";"neutral";0;1;1930
"P186";8;"B07";"benevolent";1;1;1509
"P186";9;"N06";"neutral";0;1;1566
"P186";10;"N03";"neutral";0;1;2571
"P186";11;"B04";"benevolent";1;1;1759
"P186";12;"B08";"benevolent";1;1;1790
"P186";13;"N04";"neutral";0;1;2391
"P186";14;"B03";"benevolent";1;1;2380
"P186";15;"N10";"neutral";0;1;1843
"P186";16;"B06";"benevolent";1;1;1565
"P186";17;"N08";"neutral";0;1;2714
"P186";18;"N05";"neutral";1;0;1781
"P186";19;"B09";"benevolent";1;1;2071
"P186";20;"B02";"benevolent";1;1;1290
"P187";1;"B03";"benevolent";1;1;1718
"P187";2;"B09";"benevolent";0;0;1980
"P187";3;"N04";"neutral";0;1;2257
"P187";4;"N09";"neutral";0;1;1864
"P187";5;"B04";"benevolent";1;1;2534
"P187";6;"N02";"neutral";0;1;3094
"P187";7;"B08";"benevolent";1;1;1515
"P187";8;"N06";"neutral";0;1;2264
"P187";9;"B10";"benevolent";1;1;2570
"P187";10;"B06";"benevolent";1;1;1436
"P187";11;"B02";"benevolent";1;1;2469
"P187";12;"N01";"neutral";0;1;3373
"P187";13;"B01";"benevolent";1;1;2590
"P187";14;"N10";"neutral";0;1;2067
"P187";15;"N07";"neutral";0;1;3239
"P187";16;"N05";"neutral";0;1;1589
"P187";17;"B05";"benevolent";1;1;2321
"P187";18;"N03";"neutral";0;1;1718
"P187";19;"B07";"benevolent";1;1;2116
"P187";20;"N08";"neutral";0;1;2828
"P188";1;"N06";"neutral";0;1;2567
"P188";2;"B02";"benevolent";1;1;1289
"P188";3;"B09";"benevolent";1;1;1490
"P188";4;"N02";"neutral";0;1;2328
"P188";5;"N04";"neutral";0;1;1860
"P188";6;"N09";"neutral";0;1;2087
"P188";7;"B08";"benevolent";1;1;1233
"P188";8;"B10";"benevolent";1;1;1498
"P188";9;"B01";"benevolent";1;1;1235
"P188";10;"B03";"benevolent";1;1;2024
"P188";11;"N03";"neutral";0;1;2294
"P188";12;"B04";"benevolent";1;1;1825
"P188";13;"N07";"neutral";0;1;1250
"P188";14;"N01";"neutral";0;1;1837
"P188";15;"B07";"benevolent";1;1;2454
"P188";16;"B06";"benevolent";1;1;1896
"P188";17;"N10";"neutral";0;1;2989
"P188";18;"N05";"neutral";1;0;2598
"P188";19;"B05";"benevolent";1;1;1805
"P188";20;"N08";"neutral";0;1;1993
"P189";1;"N08";"neutral";0;1;1491
"P189";2;"B01";"benevolent";1;1;1954
"P189";3;"B05";"benevolent";1;1;1645
"P189";4;"N06";"neutral";0;1;1556
"P189";5;"B04";"benevolent";1;1;1573
"P189";6;"N04";"neutral";0;1;1220
"P189";7;"N01";"neutral";0;1;1572
"P189";8;"B08";"benevolent";1;1;1467
"P189";9;"N02";"neutral";0;1;2023
"P189";10;"B06";"benevolent";1;1;1749
"P189";11;"B02";"benevolent";1;1;1550
"P189";12;"B03";"benevolent";1;1;1445
"P189";13;"B10";"benevolent";0;0;1780
"P189";14;"N09";"neutral";0;1;1980
"P189";15;"N03";"neutral";0;1;1414
"P189";16;"N10";"neutral";0;1;1506
"P189";17;"B09";"benevolent";1;1;1490
"P189";18;"N05";"neutral";0;1;2117
"P189";19;"N07";"neutral";1;0;1247
"P189";20;"B07";"benevolent";1;1;1516
"P190";1;"N03";"neutral";0;1;1984
"P190";2;"N05";"neutral";0;1;1646
"P190";3;"B09";"benevolent";1;1;2058
"P190";4;"N06";"neutral";0;1;2516
"P190";5;"N07";"neutral";1;0;1641
"P190";6;"N10";"neutral";0;1;1842
"P190";7;"B01";"benevolent";0;0;2800
"P190";8;"N02";"neutral";0;1;2715
"P190";9;"B03";"benevolent";1;1;1859
"P190";10;"B10";"benevolent";1;1;2260
"P190";11;"B02";"benevolent";1;1;2244
"P190";12;"B07";"benevolent";0;0;3115
"P190";13;"N01";"neutral";0;1;2040
"P190";14;"B04";"benevolent";1;1;1588
"P190";15;"N04";"neutral";0;1;1562
"P190";16;"B06";"benevolent";0;0;1487
"P190";17;"B08";"benevolent";1;1;1959
"P190";18;"B05";"benevolent";0;0;1796
"P190";19;"N08";"neutral";0;1;2555
"P190";20;"N09";"neutral";0;1;3185
"P191";1;"B01";"benevolent";1;1;3549
"P191";2;"B03";"benevolent";0;0;2548
"P191";3;"B09";"benevolent";1;1;3049
"P191";4;"N06";"neutral";1;0;1746
"P191";5;"B10";"benevolent";1;1;2426
"P191";6;"N04";"neutral";1;0;2087
"P191";7;"B07";"benevolent";0;0;2209
"P191";8;"B02";"benevolent";1;1;3268
"P191";9;"N02";"neutral";0;1;3702
"P191";10;"B05";"benevolent";0;0;2447
"P191";11;"N01";"neutral";1;0;2745
"P191";12;"N03";"neutral";0;1;3834
"P191";13;"N07";"neutral";1;0;2479
"P191";14;"N05";"neutral";1;0;3234
"P191";15;"B06";"benevolent";1;1;2328
"P191";16;"N09";"neutral";0;1;2517
"P191";17;"N08";"neutral";1;0;2077
"P191";18;"B08";"benevolent";1;1;2776
"P191";19;"N10";"neutral";1;0;3204
"P191";20;"B04";"benevolent";1;1;1561
"P192";1;"N02";"neutral";0;1;2395
"P192";2;"N04";"neutral";0;1;2131
"P192";3;"B03";"benevolent";1;1;2414
"P192";4;"N10";"neutral";0;1;2090
"P192";5;"N09";"neutral";0;1;2522
"P192";6;"N06";"neutral";0;1;3398
"P192";7;"B04";"benevolent";1;1;1891
"P192";8;"N05";"neutral";0;1;1665
"P192";9;"B08";"benevolent";1;1;1645
"P192";10;"B05";"benevolent";1;1;1691
"P192";11;"N08";"neutral";1;0;1852
"P192";12;"B01";"benevolent";1;1;2099
"P192";13;"N01";"neutral";1;0;1732
"P192";14;"N03";"neutral";0;1;1491
"P192";15;"B06";"benevolent";1;1;2216
"P192";16;"B02";"benevolent";1;1;3106
"P192";17;"B07";"benevolent";1;1;1903
"P192";18;"N07";"neutral";1;0;1846
"P192";19;"B09";"benevolent";1;1;1536
"P192";20;"B10";"benevolent";1;1;1616
"P193";1;"N10";"neutral";0;1;1537
"P193";2;"N08";"neutral";0;1;1732
"P193";3;"B02";"benevolent";1;1;1669
"P193";4;"N07";"neutral";0;1;1764
"P193";5;"B08";"benevolent";0;0;1837
"P193";6;"N01";"neutral";1;0;2226
"P193";7;"B06";"benevolent";1;1;2240
"P193";8;"B04";"benevolent";1;1;1817
"P193";9;"B10";"benevolent";1;1;1835
"P193";10;"B05";"benevolent";1;1;1895
"P193";11;"N03";"neutral";0;1;2450
"P193";12;"N06";"neutral";0;1;2098
"P193";13;"N05";"neutral";0;1;1802
"P193";14;"B03";"benevolent";1;1;3002
"P193";15;"B07";"benevolent";1;1;1742
"P193";16;"B09";"benevolent";1;1;2236
"P193";17;"N02";"neutral";1;0;1963
"P193";18;"N09";"neutral";0;1;1704
"P193";19;"N04";"neutral";0;1;2110
"P193";20;"B01";"benevolent";1;1;1182
"P194";1;"N01";"neutral";0;1;2207
"P194";2;"B09";"benevolent";1;1;1647
"P194";3;"N10";"neutral";1;0;2690
"P194";4;"N02";"neutral";0;1;1675
"P194";5;"N06";"neutral";1;0;1924
"P194";6;"B05";"benevolent";1;1;1622
"P194";7;"B01";"benevolent";1;1;2053
"P194";8;"B07";"benevolent";1;1;2350
"P194";9;"N05";"neutral";1;0;1852
"P194";10;"B04";"benevolent";1;1;2430
"P194";11;"N04";"neutral";0;1;2125
"P194";12;"B03";"benevolent";1;1;2007
"P194";13;"B10";"benevolent";1;1;2162
"P194";14;"N08";"neutral";0;1;2287
"P194";15;"N03";"neutral";1;0;1566
"P194";16;"B08";"benevolent";1;1;2076
"P194";17;"N07";"neutral";0;1;1746
"P194";18;"N09";"neutral";0;1;2314
"P194";19;"B06";"benevolent";0;0;2218
"P194";20;"B02";"benevolent";1;1;2388
"P195";1;"N05";"neutral";1;0;1788
"P195";2;"N04";"neutral";0;1;1519
"P195";3;"N08";"neutral";0;1;1371
"P195";4;"B07";"benevolent";1;1;1109
"P195";5;"B06";"benevolent";0;0;2210
"P195";6;"B04";"benevolent";0;0;1263
"P195";7;"B01";"benevolent";1;1;1358
"P195";8;"N06";"neutral";0;1;2228
"P195";9;"N02";"neutral";0;1;2269
"P195";10;"N01";"neutral";0;1;1430
"P195";11;"B02";"benevolent";1;1;1354
"P195";12;"B10";"benevolent";1;1;2055
"P195";13;"N07";"neutral";0;1;1353
"P195";14;"N09";"neutral";0;1;2787
"P195";15;"B05";"benevolent";1;1;1639
"P195";16;"N10";"neutral";0;1;2106
"P195";17;"N03";"neutral";0;1;1565
"P195";18;"B08";"benevolent";0;0;2111
"P195";19;"B03";"benevolent";0;0;1710
"P195";20;"B09";"benevolent";1;1;1806
"P196";1;"B09";"benevolent";1;1;2559
"P196";2;"N04";"neutral";1;0;2634
"P196";3;"N01";"neutral";0;1;1891
"P196";4;"N07";"neutral";0;1;2751
"P196";5;"B08";"benevolent";0;0;2334
"P196";6;"N03";"neutral";1;0;3033
"P196";7;"N02";"neutral";0;1;2375
"P196";8;"N09";"neutral";0;1;2144
"P196";9;"N06";"neutral";0;1;2585
"P196";10;"B02";"benevolent";1;1;1945
"P196";11;"B05";"benevolent";0;0;2257
"P196";12;"B04";"benevolent";1;1;2761
"P196";13;"B01";"benevolent";0;0;2507
"P196";14;"B10";"benevolent";1;1;2367
"P196";15;"N08";"neutral";0;1;2779
"P196";16;"B06";"benevolent";1;1;2890
"P196";17;"N10";"neutral";0;1;2560
"P196";18;"B03";"benevolent";1;1;2923
"P196";19;"B07";"benevolent";1;1;2353
"P196";20;"N05";"neutral";0;1;3129
"P197";1;"N06";"neutral";0;1;1283
"P197";2;"N10";"neutral";0;1;1371
"P197";3;"B07";"benevolent";1;1;1761
"P197";4;"N08";"neutral";0;1;2214
"P197";5;"B06";"benevolent";1;1;1406
"P197";6;"B05";"benevolent";1;1;1720
"P197";7;"N09";"neutral";0;1;1857
"P197";8;"B09";"benevolent";1;1;1486
"P197";9;"N07";"neutral";0;1;1505
"P197";10;"B10";"benevolent";1;1;1401
"P197";11;"B03";"benevolent";1;1;2010
"P197";12;"B01";"benevolent";0;0;2335
"P197";13;"N01";"neutral";0;1;1639
"P197";14;"N03";"neutral";0;1;1271
"P197";15;"B08";"benevolent";1;1;2262
"P197";16;"N04";"neutral";0;1;2692
"P197";17;"N02";"neutral";0;1;1361
"P197";18;"N05";"neutral";0;1;1041
"P197";19;"B04";"benevolent";1;1;2002
"P197";20;"B02";"benevolent";1;1;1806
"P198";1;"B04";"benevolent";1;1;3375
"P198";2;"B05";"benevolent";1;1;1249
"P198";3;"N02";"neutral";0;1;1535
"P198";4;"N07";"neutral";0;1;1837
"P198";5;"B03";"benevolent";1;1;1465
"P198";6;"N01";"neutral";0;1;1740
"P198";7;"B02";"benevolent";1;1;1453
"P198";8;"B07";"benevolent";1;1;1302
"P198";9;"N09";"neutral";1;0;2221
"P198";10;"B10";"benevolent";1;1;1485
"P198";11;"N06";"neutral";0;1;2141
"P198";12;"N10";"neutral";1;0;1840
"P198";13;"B06";"benevolent";1;1;1735
"P198";14;"N04";"neutral";0;1;2475
"P198";15;"B08";"benevolent";1;1;2062
"P198";16;"B01";"benevolent";1;1;2289
"P198";17;"N05";"neutral";0;1;1849
"P198";18;"N03";"neutral";0;1;2354
"P198";19;"B09";"benevolent";0;0;1471
"P198";20;"N08";"neutral";0;1;1322
"P199";1;"N06";"neutral";0;1;2703
"P199";2;"B07";"benevolent";1;1;1769
"P199";3;"N01";"neutral";0;1;2439
"P199";4;"B02";"benevolent";1;1;2856
"P199";5;"B01";"benevolent";1;1;1739
"P199";6;"N07";"neutral";0;1;2325
"P199";7;"N09";"neutral";0;1;1884
"P199";8;"N03";"neutral";0;1;1920
"P199";9;"B09";"benevolent";0;0;1916
"P199";10;"N08";"neutral";1;0;2062
"P199";11;"N10";"neutral";0;1;2156
"P199";12;"B06";"benevolent";1;1;1721
"P199";13;"N05";"neutral";0;1;2080
"P199";14;"B10";"benevolent";1;1;1797
"P199";15;"B04";"benevolent";1;1;1671
"P199";16;"B08";"benevolent";1;1;2224
"P199";17;"N04";"neutral";1;0;2005
"P199";18;"N02";"neutral";0;1;2068
"P199";19;"B03";"benevolent";1;1;2187
"P199";20;"B05";"benevolent";1;1;1395
"P200";1;"B06";"benevolent";1;1;1509
"P200";2;"N03";"neutral";0;1;1597
"P200";3;"N09";"neutral";1;0;1333
"P200";4;"B09";"benevolent";1;1;2189
"P200";5;"N06";"neutral";0;1;1727
"P200";6;"B02";"benevolent";1;1;2105
"P200";7;"N10";"neutral";0;1;2022
"P200";8;"N04";"neutral";0;1;2455
"P200";9;"B08";"benevolent";1;1;1811
"P200";10;"N02";"neutral";0;1;1697
"P200";11;"N07";"neutral";0;1;1729
"P200";12;"B04";"benevolent";1;1;1385
"P200";13;"B05";"benevolent";0;0;1584
"P200";14;"B07";"benevolent";1;1;1693
"P200";15;"B03";"benevolent";1;1;1455
"P200";16;"N08";"neutral";0;1;2016
"P200";17;"N05";"neutral";0;1;2582
"P200";18;"N01";"neutral";0;1;1304
"P200";19;"B01";"benevolent";1;1;1694
"P200";20;"B10";"benevolent";1;1;2511
